ID,Group,Sex,Session,Trial,FoodSide,CorrectIncorrect,Delay,VisualBlock,RepeatTot,ITI,ReacTime,Side,Front,Locomotion,Pace,Anxiety,Vocalization,Threat,Fear,Affiliative,Locomotion_ITI,Pace_ITI,Anxiety_ITI,Vocalization_ITI,Threat_ITI,Fear_ITI,Affiliative_ITI,
zp05,mother,male,1,1,L,1,2,1,0,,0,2,1,0,0,0,0,0,0,0,,,,,,,,
zp05,mother,male,1,2,R,0,2,1,0,11,0,2,1,0,0,0,0,0,0,1,0,0,0,0,1,0,0,
zp05,mother,male,1,3,R,0,4,1,0,8,0,1,1,0,0,0,0,0,0,0,0,0,0,0,0,0,1,
zp05,mother,male,1,4,L,1,3,1,0,7,0,1,1,0,0,0,0,0,0,0,0,0,0,0,0,0,0,
zp05,mother,male,1,5,L,1,5,1,0,8,0,1,1,0,0,0,0,0,0,0,0,0,0,0,0,0,0,
zp05,mother,male,1,6,L,1,5,1,0,8,0,1,1,0,0,0,0,0,0,0,0,0,0,0,0,0,0,
zp05,mother,male,1,7,R,0,4,1,0,11,0,1,1,0,0,0,0,0,0,0,0,0,0,0,0,0,0,
zp05,mother,male,1,8,L,1,4,1,0,7,0,1,1,0,0,0,0,0,0,0,0,0,0,0,0,0,0,
zp05,mother,male,1,9,R,0,1,1,0,8,0,1,1,0,0,0,0,0,0,0,0,0,0,0,0,0,0,
zp05,mother,male,1,10,L,1,5,1,0,6,0,1,1,0,0,0,0,0,0,0,0,0,0,0,0,0,0,
zp05,mother,male,1,11,L,1,1,1,0,9,0,1,1,0,0,0,0,0,0,0,0,0,0,0,0,0,0,
zp05,mother,male,1,12,R,0,3,1,0,13,0,1,1,0,0,0,0,0,0,0,0,0,0,0,0,0,0,
zp05,mother,male,1,13,R,1,1,1,1,15,1,1,1,0,0,0,0,0,0,0,0,0,0,0,0,0,1,
zp05,mother,male,1,14,R,0,5,1,0,9,0,1,1,0,0,0,0,0,0,0,0,0,0,0,0,0,0,
zp05,mother,male,1,15,R,1,4,1,0,7,1,1,1,0,0,0,0,0,0,0,0,0,0,0,0,0,0,
zp05,mother,male,1,16,L,1,2,1,0,8,0,2,1,0,0,0,0,0,0,0,0,0,0,0,0,0,0,
zp05,mother,male,1,17,L,1,4,1,0,7,0,2,1,0,0,0,0,0,0,0,0,0,0,0,0,0,0,
zp05,mother,male,1,18,L,1,3,1,0,7,0,1,1,0,0,0,0,0,0,0,0,0,0,0,0,0,0,
zp05,mother,male,1,19,R,1,5,1,0,7,0,2,1,0,0,0,0,0,0,0,0,0,0,0,0,0,0,
zp05,mother,male,1,20,R,0,4,1,0,7,0,1,1,0,0,0,0,0,0,0,0,0,0,0,0,0,0,
zp05,mother,male,1,21,R,1,2,1,0,6,0,2,1,0,0,0,0,0,0,0,0,0,0,0,0,0,0,
zp05,mother,male,1,22,L,1,5,1,0,8,0,1,1,0,0,0,0,0,0,0,0,0,0,0,0,0,0,
zp05,mother,male,1,23,R,1,6,1,0,10,0,2,1,0,0,0,0,0,0,0,0,0,0,0,0,0,0,
zp05,mother,male,1,24,R,1,2,1,0,8,1,1,1,0,0,0,0,0,0,0,0,0,0,0,0,0,0,
zp05,mother,male,2,1,L,1,2,1,0,,0,1,1,0,0,0,0,0,0,0,,,,,,,,
zp05,mother,male,2,2,L,0,7,1,0,8,1,1,1,0,0,0,0,0,0,0,0,0,0,0,0,0,0,
zp05,mother,male,2,3,R,1,2,1,0,5,1,1,1,0,0,0,0,0,0,0,0,0,0,0,0,0,0,
zp05,mother,male,2,4,L,0,3,1,0,7,0,1,1,0,0,0,0,0,0,0,0,0,0,0,0,0,0,
zp05,mother,male,2,5,L,0,7,1,0,14,1,1,1,0,0,0,0,0,0,0,0,0,0,0,0,0,0,
zp05,mother,male,2,6,R,1,7,1,0,7,0,1,1,0,0,0,0,0,0,0,0,0,0,0,0,0,0,
zp05,mother,male,2,7,L,0,3,1,0,11,0,1,1,0,0,0,0,0,0,0,0,0,0,0,0,0,0,
zp05,mother,male,2,8,R,1,6,1,0,8,0,1,1,0,0,0,0,0,0,0,0,0,0,0,0,0,0,
zp05,mother,male,2,9,R,1,7,1,0,12,0,1,1,0,0,0,0,0,0,0,0,0,0,0,0,0,0,
zp05,mother,male,2,10,L,0,6,1,0,10,0,2,1,0,0,0,0,0,0,0,0,0,0,0,0,0,0,
zp05,mother,male,2,11,R,1,3,1,0,6,0,2,1,0,0,0,0,0,0,0,0,0,0,0,1,0,0,
zp05,mother,male,2,12,L,0,1,1,0,9,1,1,1,0,0,0,0,0,0,0,0,0,0,0,0,0,0,
zp05,mother,male,2,13,L,0,1,1,0,10,1,1,1,0,0,0,0,0,0,0,0,0,0,0,0,0,0,
zp05,mother,male,2,14,L,0,4,1,0,6,0,2,1,0,0,0,0,0,0,0,0,0,0,0,0,0,0,
zp05,mother,male,2,15,L,0,1,1,0,6,1,1,1,0,0,0,0,0,0,0,0,0,0,0,0,0,0,
zp05,mother,male,2,16,R,1,1,1,0,23,2,1,1,0,0,0,0,0,0,1,0,0,0,0,0,0,0,
zp05,mother,male,2,17,R,1,6,1,0,9,0,2,1,0,0,0,0,0,0,0,0,0,0,0,0,0,0,
zp05,mother,male,2,18,R,1,3,1,0,8,1,1,1,0,0,0,0,0,0,0,0,0,0,0,0,0,0,
zp05,mother,male,2,19,R,0,5,1,0,11,0,1,1,0,0,0,0,0,0,0,0,0,0,0,0,0,0,
zp05,mother,male,2,20,R,1,3,1,0,20,0,2,1,0,0,0,0,0,0,0,0,0,1,0,0,0,0,
zp05,mother,male,2,21,L,0,2,1,0,10,0,2,1,0,0,0,0,0,0,0,0,0,0,0,0,0,0,
zp05,mother,male,2,22,R,1,1,1,0,27,0,2,1,0,0,0,0,0,0,0,0,0,0,0,1,0,1,
zp05,mother,male,2,23,L,0,4,1,0,6,0,3,1,0,0,0,0,0,0,0,0,0,0,0,0,0,0,
zp05,mother,male,2,24,L,1,6,1,0,5,0,1,1,0,0,0,0,0,0,0,0,0,0,0,0,0,0,
zp07,nursery,male,1,1,R,0,3,1,0,,1,1,1,0,0,0,0,0,0,0,,,,,,,,
zp07,nursery,male,1,2,L,1,6,1,0,6,0,1,1,0,0,0,0,0,0,0,0,0,0,0,0,0,0,
zp07,nursery,male,1,3,R,0,5,1,0,5,0,1,1,0,0,0,0,0,0,0,0,0,0,0,0,0,0,
zp07,nursery,male,1,4,L,1,5,1,0,5,0,1,1,0,0,0,0,0,0,0,0,0,0,0,0,0,0,
zp07,nursery,male,1,5,L,1,2,1,0,2,0,1,1,0,0,0,0,0,0,0,0,0,0,0,0,0,0,
zp07,nursery,male,1,6,R,0,3,1,0,3,0,1,1,0,0,0,0,0,0,0,0,0,0,0,0,0,0,
zp07,nursery,male,1,7,R,0,2,1,0,2,0,1,1,0,0,0,0,0,0,0,0,0,0,0,0,0,0,
zp07,nursery,male,1,8,R,0,1,1,0,1,0,2,1,0,0,0,0,0,0,0,0,0,0,0,0,0,0,
zp07,nursery,male,1,9,L,1,2,1,0,2,0,1,1,0,0,0,0,0,0,0,0,0,0,0,0,0,0,
zp07,nursery,male,1,10,R,0,5,1,0,5,0,1,1,0,0,0,0,0,0,0,0,0,0,0,0,0,0,
zp07,nursery,male,1,11,L,1,4,1,1,4,0,1,1,0,0,0,0,0,0,0,0,0,0,0,0,0,0,
zp07,nursery,male,1,12,R,0,4,1,0,4,0,1,1,0,0,0,0,0,0,0,0,0,0,0,0,0,0,
zp07,nursery,male,1,13,L,1,1,1,0,1,0,2,1,0,0,0,0,0,0,0,0,0,0,0,0,0,0,
zp07,nursery,male,1,14,L,1,3,1,0,3,0,1,1,0,0,0,0,0,0,0,0,0,0,0,0,0,0,
zp07,nursery,male,1,15,R,0,1,1,0,1,0,1,1,0,0,0,0,0,0,0,0,0,0,0,0,0,0,
zp07,nursery,male,1,16,L,1,1,1,0,1,0,2,1,0,0,0,0,0,0,0,0,0,0,0,0,0,0,
zp07,nursery,male,1,17,L,1,5,1,1,5,0,1,1,0,0,0,0,0,0,0,0,0,0,0,0,0,0,
zp07,nursery,male,1,18,R,0,2,1,0,2,0,3,1,0,0,0,0,0,0,0,0,0,0,0,0,0,0,
zp07,nursery,male,1,19,R,1,1,1,0,1,1,2,1,0,0,0,0,0,0,0,0,0,0,0,0,0,0,
zp07,nursery,male,1,20,R,0,2,1,0,2,0,1,1,0,0,0,0,0,0,0,0,0,0,0,0,0,0,
zp07,nursery,male,1,21,L,1,5,1,1,5,0,1,1,0,0,0,0,0,0,0,0,0,0,0,0,0,0,
zp07,nursery,male,1,22,R,0,2,1,0,2,0,1,1,0,0,0,0,0,0,0,0,0,0,0,0,0,0,
zp07,nursery,male,1,23,R,1,4,1,0,4,0,1,1,0,0,0,0,0,0,0,0,0,0,0,0,0,0,
zp07,nursery,male,1,24,R,0,5,1,0,5,0,1,1,0,0,0,0,0,0,0,0,0,0,0,0,0,0,
zp07,nursery,male,2,1,R,0,6,1,0,,0,2,1,0,0,0,0,0,0,0,,,,,,,,
zp07,nursery,male,2,2,L,1,6,1,0,8,0,1,0,0,0,0,0,0,0,0,0,0,0,0,0,0,0,
zp07,nursery,male,2,3,L,1,6,1,0,7,0,1,1,0,0,0,0,0,0,0,0,0,0,0,0,0,0,
zp07,nursery,male,2,4,R,0,4,1,0,7,0,1,1,0,0,0,0,0,0,0,0,0,0,0,0,0,0,
zp07,nursery,male,2,5,R,0,3,1,0,4,0,1,1,0,0,0,0,0,0,0,0,0,0,0,0,0,0,
zp07,nursery,male,2,6,L,1,4,1,0,6,0,1,1,0,0,0,0,0,0,0,0,0,0,0,0,0,0,
zp07,nursery,male,2,7,L,1,2,1,0,8,0,3,0,0,0,0,0,0,0,0,0,0,0,0,0,0,0,
zp07,nursery,male,2,8,R,0,3,1,0,10,0,1,1,0,0,0,0,0,0,0,0,0,0,0,0,0,0,
zp07,nursery,male,2,9,L,1,2,1,0,5,0,1,1,0,0,0,0,0,0,0,0,0,0,0,0,0,0,
zp07,nursery,male,2,10,R,1,5,1,0,8,0,3,1,0,0,1,0,1,0,0,0,0,0,0,0,0,0,
zp07,nursery,male,2,11,L,1,3,1,0,12,0,1,1,0,0,0,0,0,0,0,0,0,0,0,0,0,0,
zp07,nursery,male,2,12,L,1,4,1,0,9,0,1,1,0,0,0,0,0,0,0,0,0,0,0,0,0,0,
zp07,nursery,male,2,13,L,1,6,1,0,7,0,1,1,0,0,0,0,0,0,0,0,0,0,0,0,0,0,
zp07,nursery,male,2,14,L,1,1,1,0,9,0,1,1,0,0,0,0,0,0,0,0,0,0,0,0,0,0,
zp07,nursery,male,2,15,R,0,4,1,0,10,0,1,1,0,0,0,0,0,0,0,0,0,0,0,0,0,0,
zp07,nursery,male,2,16,L,1,4,1,0,6,0,2,1,0,0,0,0,0,0,0,0,0,0,0,0,0,0,
zp07,nursery,male,2,17,R,0,6,1,0,7,0,1,1,0,0,0,0,0,0,0,0,0,0,0,0,0,0,
zp07,nursery,male,2,18,R,0,6,1,0,8,0,1,1,0,0,0,0,0,0,0,0,0,0,0,0,0,0,
zp07,nursery,male,2,19,L,1,3,1,0,8,0,1,1,0,0,0,0,0,0,0,0,0,0,0,0,0,0,
zp07,nursery,male,2,20,L,1,3,1,0,7,0,2,1,0,0,0,0,0,0,0,0,0,0,0,0,0,0,
zp07,nursery,male,2,21,R,0,1,1,0,13,0,2,1,0,0,0,0,0,0,0,0,0,0,0,0,0,0,
zp07,nursery,male,2,22,L,1,1,1,0,6,0,1,1,0,0,0,0,0,0,0,0,0,0,0,0,0,0,
zp07,nursery,male,2,23,R,1,6,1,0,9,0,3,1,0,0,0,0,0,0,0,0,0,0,0,0,0,0,
zp07,nursery,male,2,24,L,1,5,1,0,13,0,2,1,0,0,0,0,0,0,0,0,0,0,0,0,0,0,
zp08,nursery,male,1,1,L,1,5,1,0,,2,1,0,0,0,0,1,0,0,0,,,,,,,,
zp08,nursery,male,1,2,L,1,5,1,0,9,0,3,0,0,0,0,1,0,0,0,1,0,0,0,0,1,0,
zp08,nursery,male,1,3,R,0,6,1,0,8,0,1,0,0,0,0,0,0,0,0,0,0,0,0,0,0,1,
zp08,nursery,male,1,4,R,0,5,1,0,9,0,3,0,0,0,0,0,0,0,0,0,0,0,0,0,0,1,
zp08,nursery,male,1,5,R,0,3,1,0,10,1,3,1,0,0,0,0,0,0,0,0,0,0,0,0,0,0,
zp08,nursery,male,1,6,R,1,2,1,0,8,1,3,0,0,0,0,0,0,0,0,1,0,0,0,0,0,0,
zp08,nursery,male,1,7,L,0,3,1,0,15,0,1,1,1,0,0,0,0,0,0,1,0,0,0,0,0,1,
zp08,nursery,male,1,8,L,1,4,1,0,8,1,3,0,0,0,0,0,0,0,0,1,0,0,0,0,0,1,
zp08,nursery,male,1,9,L,0,5,1,1,50,0,2,0,0,0,1,0,0,0,0,0,0,0,0,0,0,0,
zp08,nursery,male,1,10,L,0,1,1,0,14,0,1,0,1,0,0,0,0,0,0,1,0,0,0,0,0,0,
zp08,nursery,male,1,11,L,0,3,1,0,10,0,2,0,0,0,0,0,0,0,0,1,0,0,0,0,0,0,
zp08,nursery,male,1,12,R,1,5,1,0,10,0,2,0,0,0,0,0,0,0,0,0,0,0,0,0,0,0,
zp08,nursery,male,1,13,R,0,3,1,0,14,0,3,1,0,0,0,0,0,0,0,0,1,0,0,0,0,0,
zp08,nursery,male,1,14,L,1,1,1,1,15,1,1,0,1,0,0,0,0,0,0,0,1,0,0,0,0,0,
zp08,nursery,male,1,15,R,0,4,1,0,42,0,1,0,1,0,0,0,0,0,0,0,0,0,1,0,0,0,
zp08,nursery,male,1,16,R,0,4,1,1,7,1,1,0,0,0,0,0,0,0,0,0,0,0,0,0,0,0,
zp08,nursery,male,1,17,R,1,2,1,0,47,1,3,0,0,0,0,0,0,0,0,0,1,0,0,0,0,0,
zp08,nursery,male,1,18,L,0,3,1,0,15,0,3,0,0,0,0,0,0,0,0,0,1,0,0,0,0,0,
zp08,nursery,male,1,19,L,0,6,1,0,29,1,3,0,0,0,0,0,0,0,0,0,0,0,0,0,0,0,
zp08,nursery,male,1,20,L,1,2,1,0,6,2,3,0,0,0,0,0,0,0,0,0,0,0,0,0,0,0,
zp08,nursery,male,1,21,L,0,2,1,0,10,0,3,1,0,0,0,0,0,0,0,0,0,0,0,0,0,0,
zp08,nursery,male,1,22,L,1,6,1,0,15,0,3,0,0,0,0,0,0,0,0,0,0,0,0,1,0,0,
zp08,nursery,male,1,23,R,1,2,1,0,13,0,3,1,0,0,0,0,0,0,0,0,0,0,0,0,0,0,
zp08,nursery,male,1,24,L,1,4,1,0,37,1,1,0,0,0,0,0,0,0,0,0,1,0,0,0,0,0,
zp08,nursery,male,2,1,R,1,3,1,0,,0,2,0,0,0,0,0,0,0,0,,,,,,,,
zp08,nursery,male,2,2,R,1,1,1,0,7,0,3,1,0,0,0,0,0,0,0,0,0,0,0,0,0,0,
zp08,nursery,male,2,3,L,0,5,1,0,9,0,3,1,0,0,0,0,0,0,0,1,0,0,0,0,0,0,
zp08,nursery,male,2,4,L,0,4,1,1,96,11,1,0,0,1,0,0,0,0,0,1,0,0,0,0,0,0,
zp08,nursery,male,2,5,L,0,1,1,0,10,1,1,1,1,0,0,0,0,0,0,1,0,0,0,0,0,0,
zp08,nursery,male,2,6,R,1,6,1,0,10,1,3,1,0,1,0,0,0,0,0,1,0,0,0,0,0,0,
zp08,nursery,male,2,7,R,0,5,1,0,17,0,3,1,1,0,0,0,0,0,0,1,0,0,0,0,0,0,
zp08,nursery,male,2,8,L,0,3,1,0,8,1,2,1,0,0,0,0,0,0,0,1,0,0,0,0,0,0,
zp08,nursery,male,2,9,L,1,2,1,0,20,3,1,1,1,0,0,0,0,0,0,1,0,0,0,0,0,0,
zp08,nursery,male,2,10,R,1,4,1,0,29,0,1,0,1,0,0,0,0,0,0,1,0,0,0,0,0,1,
zp08,nursery,male,2,11,R,1,2,1,0,14,0,3,1,0,0,0,0,0,0,0,0,0,0,0,0,0,0,
zp08,nursery,male,2,12,R,1,1,1,0,10,0,3,1,0,0,0,0,0,0,0,1,0,0,0,0,0,0,
zp08,nursery,male,2,13,L,0,6,1,0,11,0,2,0,0,0,0,0,0,0,0,0,0,0,0,0,0,0,
zp08,nursery,male,2,14,L,0,6,1,0,10,0,3,0,0,0,0,0,0,0,1,1,0,0,0,0,0,0,
zp08,nursery,male,2,15,L,0,2,1,0,12,0,1,0,0,0,0,0,0,0,0,0,1,0,0,0,0,0,
zp08,nursery,male,2,16,L,0,1,1,3,72,7,3,0,0,0,0,0,0,0,0,0,0,0,1,0,0,0,
zp08,nursery,male,2,17,R,1,1,1,0,7,0,3,0,0,0,0,0,0,0,0,0,0,0,1,0,0,0,
zp08,nursery,male,2,18,R,1,6,1,0,8,0,3,1,0,0,0,0,0,0,0,0,0,0,0,0,0,0,
zp08,nursery,male,2,19,R,1,4,1,0,8,0,2,0,0,0,0,0,0,0,0,0,0,0,0,0,0,0,
zp08,nursery,male,2,20,R,1,4,1,0,8,0,1,0,0,0,0,0,0,0,0,0,1,0,0,0,0,0,
zp08,nursery,male,2,21,L,0,5,1,0,15,0,1,0,0,0,0,0,0,0,0,0,0,0,0,0,0,0,
zp08,nursery,male,2,22,R,1,5,1,0,15,0,2,0,1,0,0,0,0,0,0,0,0,0,0,0,0,0,
zp08,nursery,male,2,23,R,1,6,1,0,11,1,1,1,1,0,0,0,0,0,0,0,0,0,0,0,0,0,
zp08,nursery,male,2,24,R,1,1,1,0,10,0,3,0,0,0,0,0,0,0,0,1,0,0,0,0,0,0,
zp11,mother,male,1,1,L,1,2,1,0,,0,1,1,0,0,0,0,0,0,0,,,,,,,,
zp11,mother,male,1,2,L,1,1,1,0,10,0,1,1,0,0,0,0,0,0,0,0,0,0,0,0,0,0,
zp11,mother,male,1,3,R,0,2,1,0,9,0,1,1,0,0,0,0,0,0,0,0,0,0,0,0,0,0,
zp11,mother,male,1,4,L,1,3,1,0,7,0,1,1,0,0,0,0,0,0,0,0,0,0,0,0,0,0,
zp11,mother,male,1,5,R,0,4,1,0,9,0,1,1,0,0,0,0,0,0,0,0,0,0,0,0,0,0,
zp11,mother,male,1,6,L,1,1,1,0,7,0,1,1,0,0,0,0,0,0,0,0,0,0,0,0,0,0,
zp11,mother,male,1,7,R,1,5,1,0,10,0,1,1,0,0,0,0,0,0,0,0,0,0,0,0,0,0,
zp11,mother,male,1,8,L,1,6,1,0,10,0,1,1,0,0,0,0,0,0,0,0,0,0,0,0,0,0,
zp11,mother,male,1,9,R,1,3,1,0,10,0,1,1,0,0,0,0,0,0,0,0,0,0,0,0,0,0,
zp11,mother,male,1,10,R,0,3,1,0,10,0,1,1,0,0,0,0,0,0,0,0,0,0,0,0,0,0,
zp11,mother,male,1,11,R,0,2,1,0,9,0,1,1,0,0,0,0,0,0,0,0,0,0,0,0,0,0,
zp11,mother,male,1,12,R,1,6,1,0,7,0,1,1,0,0,0,0,0,0,0,0,0,0,0,0,0,0,
zp11,mother,male,1,13,R,1,1,1,0,11,0,2,1,0,0,0,0,0,0,0,0,0,0,0,0,0,0,
zp11,mother,male,1,14,L,1,6,1,0,8,0,1,1,0,0,0,0,0,0,0,0,0,0,0,0,0,0,
zp11,mother,male,1,15,L,1,5,1,0,10,0,1,1,0,0,0,0,0,0,0,0,0,0,0,0,0,0,
zp11,mother,male,1,16,R,0,3,1,0,9,0,1,1,0,0,0,0,0,0,0,0,0,0,0,0,0,0,
zp11,mother,male,1,17,R,0,5,1,0,6,0,1,1,0,0,0,0,0,0,0,0,0,0,0,0,0,0,
zp11,mother,male,1,18,L,1,2,1,0,7,0,1,1,0,0,0,0,0,0,0,0,0,0,0,0,0,0,
zp11,mother,male,1,19,L,1,5,1,0,10,0,1,1,0,0,0,0,0,0,0,0,0,0,0,0,0,0,
zp11,mother,male,1,20,L,1,3,1,0,14,0,2,1,0,0,0,0,0,0,0,0,0,0,0,0,0,0,
zp11,mother,male,1,21,R,0,6,1,0,9,0,1,1,0,0,0,0,0,0,0,0,0,0,0,0,0,0,
zp11,mother,male,1,22,L,1,4,1,0,9,0,1,1,0,0,0,0,0,0,0,0,0,0,0,0,0,0,
zp11,mother,male,1,23,R,1,1,1,0,9,0,2,1,0,0,0,0,0,0,0,0,0,0,0,0,0,0,
zp11,mother,male,1,24,L,1,6,1,0,8,0,1,1,0,0,0,0,0,0,0,0,0,0,0,0,0,0,
zp11,mother,male,2,1,L,1,3,1,0,,0,1,1,0,0,0,0,0,0,0,,,,,,,,
zp11,mother,male,2,2,R,0,3,1,0,7,0,1,1,0,0,0,0,0,0,0,0,0,0,0,0,0,0,0
zp11,mother,male,2,3,L,0,1,1,0,13,0,3,1,0,0,0,0,0,0,0,0,0,0,0,0,0,0,0
zp11,mother,male,2,4,R,0,2,1,0,8,0,1,1,0,0,0,0,0,0,0,0,0,0,0,0,0,0,0
zp11,mother,male,2,5,L,1,5,1,0,5,0,1,1,0,0,0,0,0,0,0,0,0,0,0,0,0,0,0
zp11,mother,male,2,6,L,1,6,1,0,8,0,1,1,0,0,0,0,0,0,0,0,0,0,0,0,0,0,0
zp11,mother,male,2,7,R,1,1,1,0,11,0,1,1,0,0,0,0,0,0,0,0,0,0,0,0,0,0,0
zp11,mother,male,2,8,R,0,6,1,0,7,0,1,1,0,0,0,0,0,0,0,0,0,0,0,0,0,0,0
zp11,mother,male,2,9,L,1,2,1,0,7,0,1,1,0,0,0,0,0,0,0,0,0,0,0,0,0,0,0
zp11,mother,male,2,10,R,0,4,1,0,9,0,1,1,0,0,0,0,0,0,0,0,0,0,0,0,0,0,0
zp11,mother,male,2,11,L,1,3,1,0,5,0,1,1,0,0,0,0,0,0,0,0,0,0,0,0,0,0,0
zp11,mother,male,2,12,R,0,4,1,0,7,0,1,1,0,0,0,0,0,0,0,0,0,0,0,0,0,0,0
zp11,mother,male,2,13,R,1,5,1,0,14,0,1,1,0,0,0,0,0,0,0,0,0,0,0,0,0,0,0
zp11,mother,male,2,14,R,1,6,1,0,9,0,1,1,0,0,0,0,0,0,0,0,0,0,0,0,0,0,0
zp11,mother,male,2,15,L,1,4,1,0,13,0,1,1,0,0,0,0,0,0,0,0,0,0,0,0,0,0,0
zp11,mother,male,2,16,R,1,1,1,0,9,0,3,1,0,0,0,0,0,0,0,0,0,0,0,0,0,0,0
zp11,mother,male,2,17,L,0,1,1,0,8,0,3,1,0,0,0,0,0,0,0,0,0,0,0,0,0,0,0
zp11,mother,male,2,18,L,1,5,1,0,11,0,1,1,0,0,0,0,0,0,0,0,0,0,0,0,0,0,0
zp11,mother,male,2,19,L,1,2,1,0,8,0,1,1,0,0,0,0,0,0,0,0,0,0,0,0,0,0,0
zp11,mother,male,2,20,L,1,4,1,0,10,0,1,1,0,0,0,0,0,0,0,0,0,0,0,0,0,0,0
zp11,mother,male,2,21,R,1,2,1,0,8,0,3,1,0,0,0,0,0,0,0,0,0,0,0,0,0,0,0
zp11,mother,male,2,22,R,0,5,1,0,7,0,1,1,0,0,0,0,0,0,0,0,0,0,0,0,0,0,0
zp11,mother,male,2,23,L,1,4,1,0,8,0,1,1,0,0,0,0,0,0,0,0,0,0,0,0,0,0,0
zp11,mother,male,2,24,R,0,4,1,0,12,0,1,1,0,0,0,0,0,0,0,0,0,0,0,0,0,0,0
zp01,mother,female,1,1,L,1,4,1,0,,0,1,1,0,0,0,0,0,0,0,,,,,,,,
zp01,mother,female,1,2,R,1,2,1,0,9,0,2,1,0,0,0,0,0,0,0,0,0,0,0,0,0,0,
zp01,mother,female,1,3,L,1,6,1,0,7,0,2,1,0,0,0,0,0,0,0,0,0,0,0,0,0,0,
zp01,mother,female,1,4,L,1,2,1,0,8,0,1,1,0,0,0,0,0,0,0,0,0,0,0,0,0,0,
zp01,mother,female,1,5,L,1,2,1,0,7,0,1,1,0,0,0,0,0,0,0,0,0,0,0,0,0,0,
zp01,mother,female,1,6,L,1,6,1,0,7,0,1,1,0,0,0,0,0,0,0,0,0,0,0,0,0,0,
zp01,mother,female,1,7,L,1,3,1,0,7,0,1,1,0,0,0,0,0,0,0,0,0,0,0,0,0,0,
zp01,mother,female,1,8,R,1,2,1,0,9,0,2,1,0,0,0,0,0,0,0,0,0,0,0,0,0,0,
zp01,mother,female,1,9,R,1,4,1,0,8,0,2,1,0,0,0,0,0,0,0,0,0,0,0,0,0,0,
zp01,mother,female,1,10,R,1,4,1,0,8,0,2,1,0,0,0,0,0,0,0,0,0,0,0,0,0,0,
zp01,mother,female,1,11,L,1,3,1,0,8,0,1,1,0,0,0,0,0,0,0,0,0,0,0,0,0,0,
zp01,mother,female,1,12,R,0,3,1,0,12,0,1,1,0,0,0,0,0,0,0,0,0,0,0,0,0,0,
zp01,mother,female,1,13,R,0,5,1,0,5,0,1,1,0,0,0,0,0,0,0,0,0,0,0,1,0,0,
zp01,mother,female,1,14,L,1,3,1,0,6,0,1,1,0,0,0,0,0,0,0,0,0,0,0,0,0,0,
zp01,mother,female,1,15,L,1,1,1,0,7,0,1,1,0,0,0,0,0,0,0,0,0,0,0,1,0,0,
zp01,mother,female,1,16,L,1,4,1,0,7,0,1,1,0,0,0,0,0,0,0,0,0,0,0,0,0,0,
zp01,mother,female,1,17,L,1,4,1,0,7,1,2,1,0,0,0,0,0,0,0,0,0,0,0,0,0,0,
zp01,mother,female,1,18,L,1,1,1,0,7,0,1,1,0,0,0,0,0,0,0,0,0,0,0,0,0,0,
zp01,mother,female,1,19,R,1,2,1,0,8,0,3,1,0,0,0,0,0,0,0,0,0,0,0,0,0,0,
zp01,mother,female,1,20,R,0,3,1,0,7,0,2,1,0,0,0,0,0,0,0,0,0,0,0,0,0,0,
zp01,mother,female,1,21,R,0,5,1,0,9,0,2,1,0,0,0,0,0,0,0,0,0,0,0,1,0,0,
zp01,mother,female,1,22,R,1,6,1,0,5,0,3,1,0,0,0,0,0,0,0,0,0,0,0,1,0,0,
zp01,mother,female,1,23,L,1,5,1,0,10,0,1,1,0,0,0,0,0,0,0,0,0,0,0,0,0,0,
zp01,mother,female,1,24,L,1,5,1,0,7,0,1,1,0,0,0,0,0,0,0,0,0,0,0,0,0,0,
zp01,mother,female,2,1,R,1,3,1,0,,0,3,1,0,0,0,0,1,0,0,,,,,,,,
zp01,mother,female,2,2,R,1,6,1,0,8,0,3,1,0,0,0,0,0,0,0,0,0,0,0,0,0,0,
zp01,mother,female,2,3,R,1,5,1,0,8,0,3,1,0,0,0,0,0,0,0,0,0,0,0,0,0,0,
zp01,mother,female,2,4,L,1,5,1,0,7,0,2,1,0,0,0,0,0,0,0,0,0,0,0,0,0,0,
zp01,mother,female,2,5,R,1,1,1,0,8,0,3,1,0,0,0,0,0,0,0,0,0,0,0,0,0,0,
zp01,mother,female,2,6,R,1,4,1,0,7,0,3,1,0,0,0,0,0,0,0,0,0,0,0,0,0,0,
zp01,mother,female,2,7,R,1,6,1,0,10,0,3,1,0,0,0,0,0,0,0,0,0,0,0,1,0,0,
zp01,mother,female,2,8,R,1,1,1,0,7,0,3,1,0,0,0,0,0,0,0,0,0,0,0,0,0,0,
zp01,mother,female,2,9,L,1,1,1,0,7,0,2,1,0,0,0,0,0,0,0,0,0,0,0,0,0,0,
zp01,mother,female,2,10,L,1,2,1,0,7,0,2,1,0,0,0,0,0,0,0,0,0,0,0,0,0,0,
zp01,mother,female,2,11,L,1,6,1,0,9,0,2,1,0,0,0,0,0,0,0,0,0,0,0,0,0,0,
zp01,mother,female,2,12,L,1,6,1,0,8,0,2,1,0,0,0,0,0,0,0,0,0,0,0,0,0,0,
zp01,mother,female,2,13,R,1,1,1,0,8,0,3,1,0,0,0,0,0,0,0,0,0,0,0,0,0,0,
zp01,mother,female,2,14,R,1,2,1,0,8,0,2,1,0,0,0,0,0,0,0,0,0,0,0,0,0,0,
zp01,mother,female,2,15,R,1,4,1,0,8,0,3,1,0,0,0,0,0,0,0,0,0,0,0,0,0,0,
zp01,mother,female,2,16,L,0,2,1,0,9,0,2,1,0,0,0,0,0,0,0,0,0,0,0,0,0,0,
zp01,mother,female,2,17,L,1,3,1,0,7,0,2,1,0,0,0,0,0,0,0,0,0,0,0,0,0,0,
zp01,mother,female,2,18,R,1,5,1,0,9,0,3,1,0,0,0,0,0,0,0,0,0,0,0,0,0,0,
zp01,mother,female,2,19,R,1,6,1,0,9,0,3,1,0,0,0,0,0,0,0,0,0,0,0,0,0,0,
zp01,mother,female,2,20,L,1,1,1,0,9,0,2,1,0,0,0,0,0,0,0,0,0,0,0,0,0,0,
zp01,mother,female,2,21,L,1,4,1,0,11,0,2,1,0,0,0,0,0,0,0,0,0,0,0,0,0,0,
zp01,mother,female,2,22,L,1,5,1,0,11,0,1,1,0,0,0,0,0,0,0,0,0,0,0,0,0,0,
zp01,mother,female,2,23,R,1,1,1,0,10,0,3,1,0,0,0,0,0,0,0,0,0,0,0,0,0,0,
zp01,mother,female,2,24,R,1,3,1,0,9,0,3,1,0,0,0,0,0,0,0,0,0,0,0,0,0,0,
zp02,nursery,female,1,1,R,1,6,1,0,,0,2,1,0,0,0,0,0,0,0,,,,,,,,
zp02,nursery,female,1,2,R,1,3,1,0,8,0,2,1,0,0,0,0,0,0,0,0,0,0,0,0,0,0,
zp02,nursery,female,1,3,R,1,2,1,0,8,0,2,1,0,0,0,0,0,0,0,0,0,0,0,0,0,0,
zp02,nursery,female,1,4,R,1,3,1,0,14,0,3,1,0,0,0,0,0,0,0,0,0,0,0,0,0,0,
zp02,nursery,female,1,5,L,1,3,1,0,7,0,2,1,0,0,0,0,0,0,0,0,0,0,0,0,0,0,
zp02,nursery,female,1,6,R,1,5,1,0,8,0,3,1,0,0,0,0,0,0,0,0,0,0,0,0,0,0,
zp02,nursery,female,1,7,L,1,2,1,0,6,0,3,1,0,0,0,0,0,0,0,0,0,0,0,0,0,0,
zp02,nursery,female,1,8,R,1,5,1,0,7,0,3,1,0,0,0,0,0,0,0,0,0,0,0,0,0,0,
zp02,nursery,female,1,9,R,1,2,1,0,7,0,2,1,0,0,0,0,0,0,0,0,0,0,1,0,0,0,
zp02,nursery,female,1,10,R,1,6,1,0,9,0,3,1,0,0,0,0,0,0,0,0,0,0,1,0,0,0,
zp02,nursery,female,1,11,R,1,3,1,0,12,0,3,1,0,0,0,0,0,0,0,0,0,0,0,0,0,0,
zp02,nursery,female,1,12,L,1,4,1,0,7,0,3,1,0,0,0,0,0,0,0,0,0,0,0,0,0,0,
zp02,nursery,female,1,13,R,1,1,1,0,8,0,3,1,0,0,0,0,0,0,0,0,0,0,1,0,0,0,
zp02,nursery,female,1,14,L,1,2,1,0,11,0,1,1,0,0,0,0,0,0,0,0,0,0,0,0,0,0,
zp02,nursery,female,1,15,L,1,6,1,0,8,0,1,1,0,0,0,0,0,0,0,0,0,0,0,0,0,0,
zp02,nursery,female,1,16,R,1,3,1,0,10,0,3,1,0,0,0,0,0,0,0,0,0,0,0,0,0,0,
zp02,nursery,female,1,17,L,1,4,1,0,8,0,2,1,0,0,0,0,0,0,0,0,0,0,0,0,0,0,
zp02,nursery,female,1,18,L,1,5,1,0,14,0,2,1,0,0,1,0,0,0,0,0,0,0,1,0,0,0,
zp02,nursery,female,1,19,R,1,1,1,0,8,0,3,1,0,0,0,0,0,0,0,0,0,0,0,0,0,0,
zp02,nursery,female,1,20,L,1,1,1,0,10,0,1,1,0,0,0,0,0,0,0,0,0,0,0,0,0,0,
zp02,nursery,female,1,21,L,1,2,1,0,9,0,2,1,0,0,0,0,0,0,0,0,0,0,1,0,0,0,
zp02,nursery,female,1,22,L,1,3,1,0,9,0,2,1,0,0,0,0,0,0,0,0,0,0,1,0,0,0,
zp02,nursery,female,1,23,R,1,5,1,0,7,1,3,1,0,0,0,0,0,0,0,0,0,0,0,0,0,0,
zp02,nursery,female,1,24,R,1,4,1,0,10,0,2,1,0,0,0,0,0,0,0,0,0,0,1,0,0,0,
zp02,nursery,female,2,1,L,1,6,1,0,,0,2,1,0,0,0,1,0,0,0,,,,,,,,
zp02,nursery,female,2,2,L,1,6,1,0,6,0,2,1,0,0,0,0,0,0,0,0,0,0,1,0,0,0,
zp02,nursery,female,2,3,R,1,6,1,0,15,0,2,1,0,0,0,0,0,0,0,0,0,0,1,0,0,0,
zp02,nursery,female,2,4,R,1,1,1,0,18,0,2,1,0,0,0,0,0,0,0,0,0,0,1,0,0,0,
zp02,nursery,female,2,5,L,1,2,1,0,10,0,2,1,0,0,0,0,0,0,0,0,0,0,0,0,0,0,
zp02,nursery,female,2,6,L,1,4,1,0,7,0,2,1,0,0,0,0,0,0,0,0,0,0,0,0,0,0,
zp02,nursery,female,2,7,R,1,2,1,0,7,0,3,1,0,0,0,0,0,0,0,0,0,0,1,0,0,0,
zp02,nursery,female,2,8,R,1,4,1,0,25,0,2,1,0,0,0,0,0,0,0,0,0,0,1,0,0,0,
zp02,nursery,female,2,9,L,1,5,1,0,9,0,2,1,0,0,0,0,0,0,0,0,0,0,0,0,0,0,
zp02,nursery,female,2,10,L,1,3,1,0,11,0,2,1,0,0,0,0,0,0,0,0,0,0,1,0,0,0,
zp02,nursery,female,2,11,R,1,1,1,0,12,0,2,1,0,0,0,0,0,0,0,0,0,0,1,0,0,0,
zp02,nursery,female,2,12,R,1,2,1,0,9,0,2,1,0,0,0,0,0,0,0,0,0,0,0,0,0,0,
zp02,nursery,female,2,13,L,1,6,1,0,9,0,2,1,0,0,0,0,0,0,0,0,0,0,1,0,0,0,
zp02,nursery,female,2,14,L,1,3,1,0,14,0,2,1,0,0,0,0,0,0,0,0,0,0,0,0,0,0,
zp02,nursery,female,2,15,R,1,6,1,0,21,0,3,1,0,0,0,0,0,0,0,0,0,0,1,0,0,0,
zp02,nursery,female,2,16,R,1,4,1,0,8,0,2,1,0,0,0,0,0,0,0,0,0,0,0,0,0,0,
zp02,nursery,female,2,17,L,1,5,1,0,14,0,2,1,0,0,0,0,0,0,0,0,0,0,1,0,0,0,
zp02,nursery,female,2,18,L,1,1,1,0,9,0,1,1,0,0,0,0,0,0,0,0,0,0,0,0,0,0,
zp02,nursery,female,2,19,R,1,4,1,0,12,0,2,1,0,0,0,0,0,0,0,0,0,0,0,0,0,0,
zp02,nursery,female,2,20,R,1,5,1,0,8,0,3,1,0,0,0,0,0,0,0,0,0,0,1,0,0,0,
zp02,nursery,female,2,21,L,1,1,1,0,14,0,1,1,0,0,0,0,0,0,0,0,0,0,0,0,0,0,
zp02,nursery,female,2,22,L,1,4,1,0,7,0,1,1,0,0,0,0,0,0,0,0,0,0,0,0,0,0,
zp02,nursery,female,2,23,L,1,5,1,0,8,0,2,1,0,0,0,0,0,0,0,0,0,0,0,0,0,0,
zp02,nursery,female,2,24,L,1,1,1,0,9,0,1,1,0,0,0,0,0,0,0,0,0,0,0,0,0,0,
zp03,nursery,female,1,1,L,1,6,1,0,,3,1,1,0,0,0,0,0,1,0,,,,,,,,
zp03,nursery,female,1,2,R,0,1,1,0,8,0,2,1,0,0,0,0,0,0,0,1,0,0,0,0,0,0,
zp03,nursery,female,1,3,R,0,5,1,0,10,0,1,1,0,0,0,0,0,0,0,0,0,0,0,0,0,0,
zp03,nursery,female,1,4,R,0,1,1,0,7,2,3,0,0,0,0,0,0,0,0,0,0,0,0,0,0,0,
zp03,nursery,female,1,5,L,1,4,1,0,8,1,2,1,0,0,0,0,0,0,0,1,0,0,0,0,0,0,
zp03,nursery,female,1,6,R,0,5,1,0,8,0,2,1,0,0,0,0,0,0,0,0,0,0,0,0,0,0,
zp03,nursery,female,1,7,L,1,3,1,0,7,0,2,1,0,0,0,0,0,0,0,1,0,0,0,0,0,0,
zp03,nursery,female,1,8,R,0,1,1,0,11,1,2,1,0,0,0,0,0,0,0,1,0,0,0,0,0,0,
zp03,nursery,female,1,9,L,1,5,1,0,7,0,1,1,0,0,0,0,0,0,0,1,0,0,0,0,0,0,
zp03,nursery,female,1,10,R,0,4,1,0,9,1,3,1,0,0,0,0,0,0,0,0,0,0,0,0,0,0,
zp03,nursery,female,1,11,L,1,1,1,0,6,2,2,0,0,0,0,0,0,0,0,1,0,0,0,0,0,0,
zp03,nursery,female,1,12,R,0,6,1,0,12,0,2,1,0,0,0,0,0,0,0,1,0,0,0,0,0,0,
zp03,nursery,female,1,13,L,1,2,1,0,6,1,3,1,0,0,0,0,0,0,0,0,0,0,0,0,0,0,
zp03,nursery,female,1,14,R,1,4,1,0,11,0,2,1,0,0,0,0,0,0,0,1,0,0,1,0,0,0,
zp03,nursery,female,1,15,R,0,3,1,0,10,0,1,1,0,0,0,0,0,0,0,1,0,0,0,0,0,0,
zp03,nursery,female,1,16,L,1,1,1,0,8,0,1,1,0,0,0,0,0,0,0,1,0,0,0,0,0,0,
zp03,nursery,female,1,17,L,1,3,1,0,8,1,3,1,0,0,0,0,0,0,0,0,0,0,0,0,0,0,
zp03,nursery,female,1,18,L,1,2,1,0,9,0,2,1,0,0,0,0,0,0,0,1,0,0,0,0,0,0,
zp03,nursery,female,1,19,R,0,6,1,0,11,0,2,1,0,0,0,0,0,0,0,0,0,0,0,0,0,0,
zp03,nursery,female,1,20,R,0,1,1,0,6,1,2,0,0,0,0,0,0,0,0,0,0,0,0,0,0,0,
zp03,nursery,female,1,21,L,1,5,1,0,7,0,2,1,0,0,0,0,0,0,0,1,0,0,0,0,0,0,
zp03,nursery,female,1,22,R,0,5,1,0,6,0,2,1,0,0,0,0,0,0,0,1,0,0,0,0,0,0,
zp03,nursery,female,1,23,R,0,6,1,0,5,0,2,1,0,0,0,0,0,0,0,1,0,0,0,0,0,0,
zp03,nursery,female,1,24,R,1,4,1,0,4,0,1,0,0,0,0,0,0,0,0,0,0,0,0,0,0,0,
zp03,nursery,female,2,1,R,1,6,1,0,,3,3,0,0,0,0,0,0,0,0,,,,,,,,
zp03,nursery,female,2,2,L,1,1,1,0,8,1,3,1,0,0,0,0,0,0,0,1,0,0,0,0,0,0,
zp03,nursery,female,2,3,L,1,5,1,0,10,11,3,1,0,0,0,0,0,0,0,1,0,0,0,0,0,0,
zp03,nursery,female,2,4,R,1,1,1,0,7,4,3,1,0,0,0,0,0,0,0,0,0,0,0,0,0,0,
zp03,nursery,female,2,5,L,1,4,1,0,8,1,3,1,0,0,0,0,0,0,0,0,0,1,0,0,0,0,
zp03,nursery,female,2,6,R,1,5,1,0,8,0,3,1,0,0,0,0,0,0,0,0,0,0,0,0,0,0,
zp03,nursery,female,2,7,L,1,3,1,0,7,0,3,1,0,0,0,0,0,0,0,0,0,0,0,0,0,0,
zp03,nursery,female,2,8,L,0,1,1,0,11,0,2,1,0,0,0,0,0,0,0,1,0,0,0,0,0,0,
zp03,nursery,female,2,9,R,1,5,1,0,7,2,1,0,0,0,0,0,0,0,0,1,0,0,0,0,0,0,
zp03,nursery,female,2,10,R,1,4,1,0,9,2,1,0,0,0,0,0,0,0,0,0,0,0,0,0,0,0,
zp03,nursery,female,2,11,R,1,1,1,0,6,0,3,1,0,0,0,0,0,0,0,0,0,0,0,0,0,0,
zp03,nursery,female,2,12,L,0,6,1,0,12,1,3,1,0,0,0,0,0,0,0,1,0,0,0,0,0,0,
zp03,nursery,female,2,13,L,0,2,1,0,6,1,3,1,0,0,0,0,0,0,0,1,0,0,0,0,0,0,
zp03,nursery,female,2,14,L,0,4,1,0,11,5,3,1,0,0,0,0,0,0,0,0,0,0,0,0,0,0,
zp03,nursery,female,2,15,R,1,3,1,0,10,0,3,1,0,0,0,0,0,0,0,1,0,0,0,0,0,0,
zp03,nursery,female,2,16,R,1,1,1,0,8,1,3,1,0,0,0,0,0,0,0,1,0,0,0,0,0,0,
zp03,nursery,female,2,17,L,0,3,1,0,8,0,3,1,0,0,0,0,0,0,0,0,0,0,0,0,0,0,
zp03,nursery,female,2,18,L,0,2,1,0,9,0,3,1,0,0,0,0,0,0,0,1,0,0,0,0,0,0,
zp03,nursery,female,2,19,L,1,6,1,0,11,4,3,1,0,0,0,0,0,0,0,1,0,0,0,0,0,0,
zp03,nursery,female,2,20,L,0,1,1,0,6,1,3,0,0,0,0,0,0,0,0,0,0,0,0,0,0,0,
zp03,nursery,female,2,21,R,1,5,1,0,7,1,3,1,0,0,0,0,0,0,0,0,0,0,0,0,0,0,
zp03,nursery,female,2,22,L,0,5,1,0,6,1,3,1,0,0,0,0,0,0,0,1,0,0,0,0,0,0,
zp03,nursery,female,2,23,L,0,6,1,0,5,1,3,0,0,0,0,0,0,0,0,0,0,0,0,0,0,0,
zp03,nursery,female,2,24,R,1,4,1,0,4,1,3,0,0,0,0,0,0,0,0,0,0,0,0,0,0,0,
zp06,nursery,female,1,1,R,1,5,1,0,,0,3,1,0,0,0,1,0,0,0,,,,,,,,
zp06,nursery,female,1,2,L,0,5,1,0,7,0,3,1,0,0,0,1,0,0,0,1,0,0,1,0,0,0,
zp06,nursery,female,1,3,L,0,3,1,0,20,6,3,0,0,0,0,1,0,0,0,0,0,0,1,0,0,0,
zp06,nursery,female,1,4,R,1,3,1,0,6,2,3,0,0,0,0,0,0,0,0,0,0,0,1,0,0,0,
zp06,nursery,female,1,5,L,1,5,1,0,7,0,1,1,0,0,0,0,0,0,0,0,0,0,1,0,0,0,
zp06,nursery,female,1,6,L,0,6,1,0,9,0,2,1,0,0,0,0,0,0,0,0,0,0,0,0,0,0,
zp06,nursery,female,1,7,L,0,1,1,0,8,0,1,1,0,0,0,0,0,0,0,1,0,0,1,0,0,0,
zp06,nursery,female,1,8,L,0,3,1,0,23,0,2,1,0,0,0,0,0,0,0,0,0,0,1,0,0,0,
zp06,nursery,female,1,9,R,1,1,1,0,5,0,3,1,0,0,0,0,0,0,0,0,0,0,1,0,0,0,
zp06,nursery,female,1,10,L,0,6,1,0,11,0,3,1,0,0,0,1,0,0,0,0,0,0,1,0,0,0,
zp06,nursery,female,1,11,L,0,5,1,0,5,0,3,1,0,0,0,0,0,0,0,0,0,0,1,0,0,0,
zp06,nursery,female,1,12,R,1,1,1,0,4,0,3,1,0,0,0,0,0,0,0,0,0,1,1,0,0,0,
zp06,nursery,female,1,13,R,1,5,1,0,13,1,3,1,0,0,0,1,0,0,0,0,0,0,1,0,0,0,
zp06,nursery,female,1,14,R,1,6,1,0,10,1,3,0,0,0,0,1,0,0,0,0,0,0,1,0,0,0,
zp06,nursery,female,1,15,L,1,1,1,0,6,0,2,1,0,0,0,1,0,0,0,0,0,0,0,0,0,0,
zp06,nursery,female,1,16,L,0,3,1,0,7,0,3,1,0,0,0,0,0,0,0,0,0,0,0,0,0,0,
zp06,nursery,female,1,17,R,1,4,1,0,9,7,3,1,1,0,0,1,0,0,0,1,0,0,1,0,0,0,
zp06,nursery,female,1,18,R,1,2,1,0,7,0,3,1,0,0,0,0,0,0,0,0,0,0,1,0,0,0,
zp06,nursery,female,1,19,R,1,6,1,0,15,0,1,1,0,0,0,1,0,0,0,0,0,0,1,0,0,0,
zp06,nursery,female,1,20,R,1,1,1,0,15,0,3,1,0,0,0,0,0,0,0,0,0,0,0,0,0,0,
zp06,nursery,female,1,21,L,0,2,1,0,8,0,3,1,0,0,0,0,0,0,0,0,0,0,1,0,0,0,
zp06,nursery,female,1,22,L,0,4,1,0,2,0,3,1,0,0,0,0,0,0,0,0,0,0,1,0,0,0,
zp06,nursery,female,1,23,R,1,1,1,0,15,0,1,0,0,0,0,0,0,0,0,1,0,0,1,0,0,0,
zp06,nursery,female,1,24,R,1,3,1,1,50,22,3,0,0,0,0,1,0,0,0,0,0,0,1,0,0,0,
zp06,nursery,female,2,1,L,0,2,1,0,,0,3,1,0,0,0,0,0,0,0,,,,,,,,
zp06,nursery,female,2,2,R,1,2,1,0,11,1,3,0,0,0,0,1,0,0,0,0,0,0,0,0,0,0,
zp06,nursery,female,2,3,R,1,3,1,0,7,0,3,1,0,0,0,0,0,0,0,1,0,0,0,0,0,0,
zp06,nursery,female,2,4,R,1,2,1,0,8,0,2,0,0,0,0,1,0,0,0,1,0,0,0,0,0,0,
zp06,nursery,female,2,5,R,1,4,1,0,13,0,3,1,0,0,0,1,0,0,0,0,0,0,0,0,0,0,
zp06,nursery,female,2,6,L,1,1,1,0,13,0,1,1,0,0,0,0,0,0,0,0,0,0,1,0,0,0,
zp06,nursery,female,2,7,L,0,4,1,0,8,0,3,1,0,0,0,0,0,0,0,0,0,0,1,0,0,0,
zp06,nursery,female,2,8,R,1,6,1,0,4,0,3,1,0,0,0,0,0,0,0,1,0,0,1,0,0,0,
zp06,nursery,female,2,9,L,0,2,1,0,6,0,2,1,0,0,0,0,0,0,0,1,0,0,1,0,0,0,
zp06,nursery,female,2,10,R,1,5,1,0,7,0,3,1,0,0,0,0,0,0,0,0,0,0,1,0,0,0,
zp06,nursery,female,2,11,L,0,4,1,0,6,0,2,1,0,0,0,0,0,0,0,0,0,0,1,0,0,0,
zp06,nursery,female,2,12,R,1,4,1,0,29,0,1,0,0,0,0,1,0,0,0,0,0,0,1,0,0,0,
zp06,nursery,female,2,13,L,1,4,1,0,5,0,1,1,0,0,0,0,0,0,0,0,0,0,0,0,0,0,
zp06,nursery,female,2,14,R,1,5,1,0,18,0,3,1,0,0,0,0,0,0,0,0,0,0,1,0,0,0,
zp06,nursery,female,2,15,R,1,4,1,0,11,0,3,1,0,0,0,0,0,0,0,0,0,0,1,0,0,0,
zp06,nursery,female,2,16,L,1,6,1,0,6,0,1,1,0,0,0,0,0,0,0,1,0,0,1,0,0,0,
zp06,nursery,female,2,17,L,0,6,1,0,29,0,1,0,1,0,0,0,0,0,0,1,0,0,1,0,0,0,
zp06,nursery,female,2,18,L,0,5,1,0,22,2,1,0,0,0,0,1,0,0,0,1,0,0,1,0,0,0,
zp06,nursery,female,2,19,R,0,2,1,0,31,5,3,0,1,0,0,1,0,0,0,1,0,0,1,0,0,0,
zp06,nursery,female,2,20,L,0,2,1,0,16,0,3,0,0,0,0,0,0,0,0,0,0,0,1,0,0,0,
zp06,nursery,female,2,21,L,0,1,1,1,27,0,1,1,0,0,0,0,0,0,0,0,0,0,1,0,0,0,
zp06,nursery,female,2,22,R,1,3,1,0,35,1,3,1,1,0,0,1,0,0,0,0,0,0,1,0,0,0,
zp06,nursery,female,2,23,L,0,3,1,0,35,1,3,0,0,0,0,1,0,0,0,0,0,0,1,0,0,0,
zp06,nursery,female,2,24,R,1,6,1,0,19,0,2,1,0,0,0,0,0,0,0,0,0,0,1,0,0,0,
zp09,mother,female,1,1,R,1,2,1,0,,0,2,1,0,0,0,1,0,0,0,,,,,,,,
zp09,mother,female,1,2,R,1,3,1,0,11,0,3,1,0,0,0,0,0,0,0,1,0,0,0,0,0,0,
zp09,mother,female,1,3,L,0,4,1,0,10,0,2,1,0,0,0,0,0,0,0,1,0,0,0,0,0,0,
zp09,mother,female,1,4,R,1,5,1,0,8,0,2,1,0,0,0,0,0,0,0,0,0,0,0,0,0,0,
zp09,mother,female,1,5,L,0,6,1,0,9,0,2,1,0,0,0,1,0,1,0,1,0,0,0,0,0,0,
zp09,mother,female,1,6,R,1,4,1,0,9,0,2,1,0,0,0,0,0,0,0,0,0,0,0,1,0,0,
zp09,mother,female,1,7,L,1,2,1,0,9,0,2,1,0,0,0,0,0,0,0,1,0,0,0,0,0,0,
zp09,mother,female,1,8,R,1,3,1,0,12,0,3,1,0,0,0,0,0,0,0,1,0,0,0,0,0,0,
zp09,mother,female,1,9,R,1,4,1,0,7,0,2,1,0,0,0,0,0,0,0,0,0,0,0,0,0,0,
zp09,mother,female,1,10,L,0,2,1,0,35,0,3,1,0,0,0,1,0,0,0,0,0,0,0,0,0,0,
zp09,mother,female,1,11,R,1,1,1,0,6,0,3,1,0,0,0,0,0,0,0,0,0,0,0,0,0,0,
zp09,mother,female,1,12,R,1,6,1,0,9,0,3,1,0,0,0,0,0,0,0,0,0,0,0,0,0,0,
zp09,mother,female,1,13,R,1,2,1,0,21,0,2,1,0,0,0,0,0,0,0,0,0,0,0,0,0,0,
zp09,mother,female,1,14,R,1,4,1,0,15,0,2,1,0,0,0,0,0,0,0,0,0,0,0,0,0,0,
zp09,mother,female,1,15,L,0,2,1,0,19,0,2,1,0,0,0,0,0,0,0,0,0,0,0,0,0,0,
zp09,mother,female,1,16,L,0,5,1,0,14,0,3,1,0,0,0,0,0,0,0,1,0,0,0,0,0,0,
zp09,mother,female,1,17,L,1,3,1,0,5,0,1,1,0,0,0,1,0,0,0,0,0,0,0,0,0,0,
zp09,mother,female,1,18,R,1,6,1,0,8,0,3,1,0,0,0,0,0,0,0,1,0,0,0,0,0,0,
zp09,mother,female,1,19,R,1,2,1,0,7,0,3,1,0,0,0,0,0,0,0,1,0,0,0,0,0,0,
zp09,mother,female,1,20,R,1,5,1,0,10,0,3,1,0,0,0,0,0,0,0,1,0,0,0,0,0,0,
zp09,mother,female,1,21,R,1,3,1,0,15,0,2,1,0,0,0,0,0,0,0,0,0,0,0,0,0,0,
zp09,mother,female,1,22,L,1,4,1,0,26,0,3,1,0,0,0,1,0,0,0,0,0,0,0,0,0,0,
zp09,mother,female,1,23,R,0,5,1,0,7,0,2,1,0,0,0,0,0,0,0,1,0,0,0,0,0,0,
zp09,mother,female,1,24,R,1,2,1,0,10,0,2,1,0,0,0,0,0,0,0,1,0,0,0,0,0,0,
zp09,mother,female,2,1,R,0,1,1,0,,0,1,1,0,0,0,0,0,0,0,,,,,,,,
zp09,mother,female,2,2,R,1,1,1,0,8,0,2,1,0,0,0,0,0,0,0,1,0,0,1,0,0,0,
zp09,mother,female,2,3,R,1,6,1,0,6,0,2,1,0,0,0,0,0,0,0,1,0,0,0,0,0,0,
zp09,mother,female,2,4,R,1,4,1,0,5,0,3,1,0,0,0,0,0,0,0,1,0,0,1,0,0,0,
zp09,mother,female,2,5,L,0,4,1,0,6,0,3,1,0,0,0,0,0,0,0,1,0,0,1,0,0,0,
zp09,mother,female,2,6,L,1,6,1,0,8,0,2,1,0,0,0,0,0,0,0,1,0,0,1,0,0,0,
zp09,mother,female,2,7,L,1,1,1,0,6,0,2,1,0,0,0,0,0,0,0,1,0,0,1,0,0,0,
zp09,mother,female,2,8,L,1,1,1,0,5,0,1,1,0,0,0,0,0,0,0,1,0,0,1,0,0,0,
zp09,mother,female,2,9,R,1,3,1,0,6,0,3,1,0,0,0,0,0,0,0,1,0,0,1,0,0,0,
zp09,mother,female,2,10,R,1,5,1,0,6,0,3,1,0,0,0,0,0,0,0,1,0,0,1,0,0,0,
zp09,mother,female,2,11,L,0,6,1,0,6,0,2,1,0,0,0,0,0,0,0,0,0,0,1,0,0,0,
zp09,mother,female,2,12,L,1,5,1,0,5,0,2,1,0,0,0,0,0,0,0,1,0,0,1,0,0,0,
zp09,mother,female,2,13,L,1,3,1,0,6,0,2,1,0,0,0,0,0,0,0,1,0,0,0,0,0,0,
zp09,mother,female,2,14,L,0,4,1,0,6,0,3,1,0,0,0,0,0,0,0,1,0,0,0,0,0,0,
zp09,mother,female,2,15,R,0,1,1,0,7,0,1,1,0,0,0,0,0,0,0,1,0,0,1,0,0,0,
zp09,mother,female,2,16,L,0,5,1,0,10,0,2,1,0,0,0,0,0,0,0,0,0,0,0,0,0,0,
zp09,mother,female,2,17,L,0,2,1,0,9,0,3,1,0,0,0,0,0,0,0,1,0,0,1,0,0,0,
zp09,mother,female,2,18,L,1,5,1,0,7,0,1,1,0,0,0,0,0,1,0,0,0,0,1,0,0,0,
zp09,mother,female,2,19,L,1,3,1,0,7,0,1,1,0,0,0,0,0,0,0,1,0,0,1,0,0,0,
zp09,mother,female,2,20,R,0,6,1,0,7,0,3,1,0,0,0,0,0,0,0,1,0,0,1,0,0,0,
zp09,mother,female,2,21,L,1,1,1,0,14,0,3,1,0,0,0,0,0,0,0,1,0,0,1,0,0,0,
zp09,mother,female,2,22,L,1,3,1,0,6,0,2,1,0,0,0,1,0,0,0,1,0,0,1,0,0,0,
zp09,mother,female,2,23,L,1,6,1,0,5,0,2,1,0,0,0,0,0,0,0,1,0,0,0,0,0,0,
zp09,mother,female,2,24,L,0,1,1,0,7,0,3,1,0,0,0,0,0,0,0,1,0,0,1,0,0,0,
zp10,mother,female,1,1,L,1,5,1,0,,0,1,1,0,0,0,1,0,0,0,,,,,,,,
zp10,mother,female,1,2,L,1,5,1,0,8,0,1,1,0,0,0,1,0,0,0,0,0,0,0,0,0,0,
zp10,mother,female,1,3,R,1,1,1,0,8,0,3,1,0,0,0,1,0,0,0,0,0,0,1,0,0,0,
zp10,mother,female,1,4,R,1,2,1,0,8,0,3,1,0,0,0,0,0,0,0,0,0,0,0,0,0,0,
zp10,mother,female,1,5,R,1,1,1,0,9,0,2,1,0,0,0,1,0,0,0,0,0,0,0,0,0,0,
zp10,mother,female,1,6,L,1,3,1,0,9,0,1,1,0,0,0,1,0,0,0,0,0,0,1,0,0,0,
zp10,mother,female,1,7,L,1,1,1,0,10,0,2,1,0,0,0,0,0,0,0,0,0,0,1,0,0,0,
zp10,mother,female,1,8,L,1,1,1,0,15,0,2,1,0,0,0,1,0,0,0,0,0,0,1,0,0,0,
zp10,mother,female,1,9,L,1,3,1,0,9,0,1,1,0,0,0,1,0,0,0,0,0,0,0,0,0,0,
zp10,mother,female,1,10,R,0,6,1,0,15,1,1,1,0,0,0,1,0,0,0,0,0,0,1,0,0,0,
zp10,mother,female,1,11,L,1,6,1,0,4,0,2,1,0,0,0,1,0,0,0,0,0,0,1,0,0,0,
zp10,mother,female,1,12,L,1,5,1,0,12,0,1,1,0,0,0,1,0,0,0,0,0,0,1,0,0,0,
zp10,mother,female,1,13,R,1,3,1,1,35,0,3,1,0,0,0,1,0,0,0,0,0,0,1,0,0,0,
zp10,mother,female,1,14,L,1,1,1,0,6,0,1,1,0,0,0,1,0,0,0,0,0,0,0,0,0,0,
zp10,mother,female,1,15,L,1,1,1,1,27,1,1,0,0,0,0,1,0,0,0,0,0,0,1,0,0,0,
zp10,mother,female,1,16,L,1,4,1,1,60,0,3,1,0,0,0,1,0,0,0,0,0,0,1,0,0,0,
zp10,mother,female,1,17,R,1,5,1,1,53,0,3,1,0,0,0,1,0,0,0,0,0,0,1,0,0,0,
zp10,mother,female,1,18,R,1,3,1,1,40,0,3,1,0,0,0,1,0,0,0,0,0,0,1,0,0,0,
zp10,mother,female,1,19,R,1,1,1,0,7,0,3,1,0,0,0,1,0,0,0,0,0,0,0,0,0,0,
zp10,mother,female,1,20,R,1,1,1,0,21,0,3,1,0,0,0,1,0,0,0,0,0,0,1,0,0,0,
zp10,mother,female,1,21,L,1,3,1,0,5,0,1,1,0,0,0,1,0,0,0,0,0,0,0,0,0,0,
zp10,mother,female,1,22,L,0,5,1,0,9,1,3,1,0,0,0,1,0,0,0,0,0,0,1,0,0,0,
zp10,mother,female,1,23,L,1,6,1,3,135,0,1,1,0,0,0,0,0,0,0,0,0,0,1,0,0,0,
zp10,mother,female,1,24,L,1,2,1,0,29,0,1,1,0,0,0,1,0,0,0,0,0,0,1,0,0,0,
zp10,mother,female,2,1,L,1,4,1,0,,0,2,1,0,0,0,0,0,0,0,,,,,,,,
zp10,mother,female,2,2,R,1,2,1,0,5,1,3,1,0,0,0,1,0,0,0,0,0,0,0,0,0,0,
zp10,mother,female,2,3,R,1,4,1,0,40,0,3,1,0,0,0,1,0,0,0,0,0,0,1,0,0,0,
zp10,mother,female,2,4,R,1,4,1,0,14,2,3,1,0,0,0,1,0,0,0,0,0,0,1,0,0,0,
zp10,mother,female,2,5,R,1,5,1,0,7,0,3,1,0,0,0,0,0,0,0,0,0,0,0,0,0,0,
zp10,mother,female,2,6,L,1,4,1,0,18,0,2,1,0,0,0,0,0,0,0,0,0,0,1,0,0,0,
zp10,mother,female,2,7,L,0,2,1,1,43,6,1,1,0,0,0,1,0,0,0,0,0,0,1,0,0,0,
zp10,mother,female,2,8,R,1,4,1,0,4,1,3,1,0,0,0,1,0,0,0,0,0,0,1,0,0,0,
zp10,mother,female,2,9,R,1,6,1,0,6,0,3,1,0,0,0,1,0,0,0,0,0,0,1,0,0,0,
zp10,mother,female,2,10,L,1,2,1,0,9,0,2,1,0,0,0,1,0,0,0,0,0,0,1,0,0,0,
zp10,mother,female,2,11,L,1,2,1,0,7,0,1,0,0,0,0,1,0,0,0,0,0,0,1,0,0,0,
zp10,mother,female,2,12,L,1,3,1,0,7,1,3,1,0,0,0,1,0,0,0,0,0,0,0,0,0,0,
zp10,mother,female,2,13,R,1,4,1,0,5,0,3,1,0,0,0,1,0,0,0,0,0,0,0,0,0,0,
zp10,mother,female,2,14,L,1,6,1,0,15,0,1,1,0,0,0,1,0,0,0,0,0,0,1,0,0,0,
zp10,mother,female,2,15,R,1,6,1,0,17,3,3,1,0,0,0,1,0,0,0,0,0,0,1,0,0,0,
zp10,mother,female,2,16,L,1,4,1,0,7,5,1,1,0,0,0,1,0,0,0,0,0,0,1,0,0,0,
zp10,mother,female,2,17,R,0,5,1,0,6,0,1,1,0,0,0,1,0,0,0,0,0,0,0,0,0,0,
zp10,mother,female,2,18,R,1,5,1,0,4,0,3,1,0,0,0,0,0,0,0,0,0,0,1,0,0,0,
zp10,mother,female,2,19,R,0,3,1,0,6,6,3,1,0,0,0,1,0,0,0,0,0,0,1,0,0,0,
zp10,mother,female,2,20,R,1,3,1,0,4,0,3,1,0,0,0,1,0,0,0,0,0,0,1,0,0,0,
zp10,mother,female,2,21,R,1,6,1,0,26,0,3,1,0,0,0,1,0,0,0,0,0,0,0,0,0,0,
zp10,mother,female,2,22,L,1,6,1,0,14,16,1,0,0,0,0,1,0,0,0,0,0,0,1,0,0,0,
zp10,mother,female,2,23,R,1,2,1,0,5,0,3,1,0,0,0,1,0,0,0,0,0,0,0,0,0,0,
zp10,mother,female,2,24,R,1,2,1,0,9,0,3,1,0,0,0,1,0,0,0,0,0,0,0,0,0,0,
zp12,nursery,female,1,1,L,1,1,1,0,,0,1,1,0,0,0,0,0,0,0,,,,,,,,
zp12,nursery,female,1,2,L,1,2,1,0,5,1,3,0,0,0,0,0,0,0,0,0,0,0,0,0,0,0,
zp12,nursery,female,1,3,R,0,5,1,0,13,2,3,0,0,0,0,0,1,1,0,0,0,0,0,1,0,0,
zp12,nursery,female,1,4,L,1,5,1,0,10,0,1,1,0,0,0,0,0,1,0,0,0,0,0,0,0,0,
zp12,nursery,female,1,5,R,0,5,1,0,20,0,1,1,0,0,0,0,0,1,0,0,0,0,0,1,0,0,
zp12,nursery,female,1,6,R,1,3,1,0,31,1,1,0,0,0,0,0,0,1,0,0,0,0,0,0,0,0,
zp12,nursery,female,1,7,R,1,6,1,0,11,0,1,0,0,0,0,0,0,0,0,0,0,0,0,0,0,0,
zp12,nursery,female,1,8,R,1,1,1,0,7,0,3,0,0,0,0,0,0,0,0,0,0,0,0,0,0,0,
zp12,nursery,female,1,9,L,0,1,1,0,11,1,3,0,0,0,0,0,0,0,0,0,0,0,0,0,0,0,
zp12,nursery,female,1,10,L,1,6,1,0,7,1,3,0,0,0,0,0,0,0,0,0,0,0,0,0,0,0,
zp12,nursery,female,1,11,L,1,4,1,0,11,0,3,0,0,0,0,0,0,0,0,0,0,0,0,0,0,0,
zp12,nursery,female,1,12,R,0,2,1,0,11,1,1,0,0,0,0,0,0,0,0,0,0,0,0,0,0,0,
zp12,nursery,female,1,13,L,1,2,1,0,8,0,3,0,0,0,0,0,0,0,0,0,0,0,0,0,0,0,
zp12,nursery,female,1,14,R,0,6,1,0,10,0,3,0,0,0,0,0,0,0,0,0,0,0,0,0,0,0,
zp12,nursery,female,1,15,L,0,6,1,0,8,0,1,0,0,0,0,0,0,0,0,0,0,0,0,0,0,0,
zp12,nursery,female,1,16,R,0,4,1,0,9,1,3,0,0,0,0,0,0,0,0,0,0,0,0,0,0,0,
zp12,nursery,female,1,17,R,0,4,1,0,12,2,1,0,0,0,0,0,0,0,0,0,0,0,0,0,0,0,
zp12,nursery,female,1,18,R,1,5,1,0,9,0,3,1,0,0,0,0,0,0,0,0,0,0,0,0,0,0,
zp12,nursery,female,1,19,L,1,4,1,1,37,1,3,0,0,0,0,0,0,0,0,0,0,0,0,0,0,0,
zp12,nursery,female,1,20,L,1,5,1,0,13,0,1,0,0,0,0,0,0,0,0,0,0,0,0,0,0,0,
zp12,nursery,female,1,21,R,0,1,1,0,9,0,1,1,0,0,0,0,0,0,0,0,0,0,0,0,0,0,
zp12,nursery,female,1,22,R,0,3,1,0,12,2,1,0,0,0,0,0,0,0,0,0,0,0,0,0,0,0,
zp12,nursery,female,1,23,L,0,2,1,0,9,1,1,0,0,0,0,0,0,0,0,0,0,0,0,0,0,0,
zp12,nursery,female,1,24,L,1,4,1,0,12,1,3,0,0,0,0,0,0,0,0,0,0,0,0,0,0,0,
zp12,nursery,female,2,1,L,0,3,1,0,,5,3,0,0,0,0,0,0,0,0,,,,,,,,
zp12,nursery,female,2,2,R,0,5,1,0,6,0,3,0,0,0,0,0,0,0,0,0,0,0,0,0,0,0,
zp12,nursery,female,2,3,L,1,1,1,0,19,0,1,1,0,0,0,0,0,0,0,0,0,0,0,0,0,0,
zp12,nursery,female,2,4,R,1,6,1,0,14,2,3,0,0,0,0,0,0,0,0,0,0,0,0,0,0,0,
zp12,nursery,female,2,5,L,1,6,1,0,9,0,1,0,0,0,0,0,0,0,0,0,0,0,0,0,0,0,
zp12,nursery,female,2,6,R,1,2,1,0,10,0,3,0,0,0,0,0,0,0,0,0,0,0,0,0,0,0,
zp12,nursery,female,2,7,R,0,2,1,0,13,0,3,0,0,0,0,0,0,0,0,0,0,0,0,0,0,0,
zp12,nursery,female,2,8,L,1,5,1,0,8,0,1,1,0,0,0,0,0,0,0,0,0,0,0,0,0,0,
zp12,nursery,female,2,9,R,1,3,1,0,17,0,2,1,0,0,0,0,0,1,0,0,0,0,0,1,0,0,
zp12,nursery,female,2,10,R,1,1,1,0,8,0,3,0,0,0,0,0,0,0,0,0,0,0,0,0,0,0,
zp12,nursery,female,2,11,L,1,2,1,0,14,0,1,1,0,0,0,0,0,1,0,0,0,0,0,0,0,0,
zp12,nursery,female,2,12,L,0,4,1,0,10,0,3,0,0,0,0,0,0,0,0,0,0,0,0,0,0,0,
zp12,nursery,female,2,13,R,1,2,1,0,6,0,3,1,0,0,0,0,0,0,0,0,0,0,0,0,0,0,
zp12,nursery,female,2,14,L,1,1,1,0,10,0,3,0,0,0,0,0,0,0,0,0,0,0,0,0,0,0,
zp12,nursery,female,2,15,L,1,3,1,0,10,1,3,0,0,0,0,0,0,0,0,0,0,0,0,0,0,0,
zp12,nursery,female,2,16,R,1,1,1,0,10,0,1,1,0,0,0,0,0,0,0,0,0,0,0,0,0,0,
zp12,nursery,female,2,17,R,1,4,1,0,13,0,3,1,0,0,0,0,0,0,0,0,0,0,0,0,0,0,
zp12,nursery,female,2,18,R,1,3,1,0,12,0,1,1,0,0,0,0,0,0,0,0,0,0,0,0,0,0,
zp12,nursery,female,2,19,L,1,5,1,0,16,0,1,1,0,0,0,0,0,0,0,0,0,0,0,0,0,0,
zp12,nursery,female,2,20,L,0,6,1,0,12,1,2,1,0,0,0,0,0,0,0,0,0,0,0,0,0,0,
zp12,nursery,female,2,21,R,0,6,1,0,7,0,2,1,0,0,0,0,0,0,0,0,0,0,0,0,0,0,
zp12,nursery,female,2,22,L,1,3,1,0,6,0,1,1,0,0,0,0,0,0,0,0,0,0,0,0,0,0,
zp12,nursery,female,2,23,R,1,4,1,0,13,0,3,1,0,0,0,0,0,0,0,0,0,0,0,0,0,0,
zp12,nursery,female,2,24,L,1,3,1,0,10,0,1,0,0,0,0,0,0,0,0,0,0,0,0,0,0,0,
zp13,nursery,female,1,1,R,0,3,1,0,,4,1,0,0,0,0,0,0,0,0,,,,,,,,
zp13,nursery,female,1,2,R,1,1,1,0,9,0,2,1,0,0,0,0,0,0,0,0,0,0,0,1,0,0,
zp13,nursery,female,1,3,L,1,4,1,0,8,4,3,0,0,0,0,0,0,0,0,0,0,0,1,0,0,0,
zp13,nursery,female,1,4,L,1,2,1,0,10,1,1,0,0,0,0,0,1,0,0,0,0,0,0,0,0,0,
zp13,nursery,female,1,5,R,0,1,1,0,9,0,1,0,0,0,0,0,0,0,0,0,0,0,0,0,0,0,
zp13,nursery,female,1,6,R,1,6,1,0,8,0,1,0,0,0,0,1,0,0,0,0,0,0,0,0,0,0,
zp13,nursery,female,1,7,R,1,2,1,0,9,0,3,0,0,0,0,0,0,0,0,0,0,0,0,0,0,0,
zp13,nursery,female,1,8,R,1,4,1,0,8,0,1,0,0,0,0,0,0,0,0,0,0,0,0,0,0,0,
zp13,nursery,female,1,9,L,0,3,1,0,10,0,3,0,0,0,0,0,0,0,0,0,0,0,1,0,0,0,
zp13,nursery,female,1,10,L,0,1,1,0,7,0,1,0,0,0,0,0,0,0,0,1,0,0,0,0,0,0,
zp13,nursery,female,1,11,R,0,6,1,0,8,0,3,0,0,0,0,0,0,0,0,1,0,0,0,0,0,0,
zp13,nursery,female,1,12,R,1,5,1,0,7,3,1,0,0,0,0,0,0,0,0,1,0,0,0,0,0,0,
zp13,nursery,female,1,13,R,1,1,1,0,9,0,3,0,0,0,0,0,0,0,0,0,0,0,0,0,0,0,
zp13,nursery,female,1,14,L,1,5,1,0,10,0,3,0,0,0,0,0,0,0,0,0,0,0,0,0,0,0,
zp13,nursery,female,1,15,L,1,6,1,0,11,0,3,0,0,0,0,0,0,0,0,0,0,0,0,0,0,0,
zp13,nursery,female,1,16,R,1,1,1,0,9,0,3,1,0,0,0,0,0,0,0,0,0,0,0,0,0,0,
zp13,nursery,female,1,17,L,0,3,1,0,9,0,3,0,0,0,0,0,0,0,0,0,0,0,0,0,0,0,
zp13,nursery,female,1,18,L,0,1,1,0,7,0,3,0,0,0,0,0,0,0,0,0,0,0,0,0,0,0,
zp13,nursery,female,1,19,L,1,6,1,0,8,2,3,0,0,0,0,0,0,0,0,0,0,0,0,1,0,0,
zp13,nursery,female,1,20,L,0,5,1,0,10,0,3,0,0,0,0,0,0,0,0,0,0,0,0,0,0,0,
zp13,nursery,female,1,21,R,1,3,1,0,7,0,2,0,0,0,0,0,0,0,0,0,0,0,0,1,0,0,
zp13,nursery,female,1,22,L,1,3,1,0,9,5,3,0,0,0,0,0,0,0,0,0,0,0,0,0,0,0,
zp13,nursery,female,1,23,L,1,5,1,0,8,0,3,0,0,0,0,0,0,0,0,0,0,0,0,0,0,0,
zp13,nursery,female,1,24,R,1,5,1,0,23,1,1,0,0,0,0,0,0,0,0,0,0,0,0,0,0,0,
zp13,nursery,female,2,1,R,1,6,1,0,,1,3,0,0,0,0,0,0,0,0,,,,,,,,
zp13,nursery,female,2,2,L,0,3,1,0,8,0,3,0,0,0,0,0,0,0,0,0,0,0,0,0,0,0,
zp13,nursery,female,2,3,R,1,3,1,0,10,1,1,0,0,0,0,0,0,0,0,0,0,0,0,0,0,0,
zp13,nursery,female,2,4,L,1,1,1,0,9,0,3,0,0,0,0,0,0,0,0,0,0,0,0,0,0,0,
zp13,nursery,female,2,5,L,1,2,1,0,8,0,3,0,0,0,0,0,0,0,0,0,0,0,0,0,0,0,
zp13,nursery,female,2,6,R,1,2,1,0,11,1,3,0,0,0,0,0,0,0,0,0,0,0,0,0,0,0,
zp13,nursery,female,2,7,L,1,5,1,0,10,0,3,0,0,0,0,0,0,0,0,0,0,0,0,0,0,0,
zp13,nursery,female,2,8,L,0,6,1,0,9,0,1,0,0,0,0,0,0,0,0,0,0,0,0,0,0,0,
zp13,nursery,female,2,9,L,0,6,1,0,7,1,3,0,0,0,0,0,0,0,0,0,0,0,0,0,0,0,
zp13,nursery,female,2,10,R,1,4,1,0,8,7,3,1,0,0,0,0,0,0,0,1,0,0,0,0,0,0,
zp13,nursery,female,2,11,R,1,5,1,0,9,0,3,0,0,0,0,0,0,0,0,0,0,0,0,0,0,0,
zp13,nursery,female,2,12,L,0,4,1,0,11,0,1,0,0,0,0,0,0,0,0,0,0,0,0,0,0,0,
zp13,nursery,female,2,13,R,1,4,1,0,8,0,3,0,0,0,0,0,0,0,0,0,0,0,0,0,0,0,
zp13,nursery,female,2,14,L,0,4,1,0,8,1,3,0,0,0,0,0,0,0,0,0,0,0,0,0,0,0,
zp13,nursery,female,2,15,R,1,5,1,0,9,8,3,0,0,0,0,0,0,0,0,0,0,0,0,0,0,0,
zp13,nursery,female,2,16,L,0,2,1,0,8,0,3,1,0,0,0,0,0,0,0,0,0,0,0,0,0,0,
zp13,nursery,female,2,17,R,1,6,1,0,9,0,3,0,0,0,0,0,0,0,0,0,0,0,0,0,0,0,
zp13,nursery,female,2,18,L,0,4,1,0,10,0,3,0,0,0,0,0,0,0,0,0,0,0,0,0,0,0,
zp13,nursery,female,2,19,L,0,1,1,0,6,1,1,0,0,0,0,0,0,0,0,1,0,0,0,0,0,0,
zp13,nursery,female,2,20,R,0,4,1,0,9,1,1,0,0,0,0,0,0,0,0,0,0,0,0,1,0,0,
zp13,nursery,female,2,21,R,1,2,1,0,6,0,1,0,0,0,0,0,0,0,0,0,0,0,0,0,0,0,
zp13,nursery,female,2,22,R,0,3,1,0,8,0,3,0,0,0,0,0,0,0,0,0,0,0,0,0,0,0,
zp13,nursery,female,2,23,R,1,2,1,0,16,0,3,1,0,0,0,0,0,0,0,0,0,0,0,0,0,0,
zp13,nursery,female,2,24,L,1,2,1,0,13,1,3,0,0,0,0,0,0,0,0,0,0,0,0,0,0,0,
zp18,mother,female,1,1,R,1,2,1,0,,0,2,1,0,0,0,0,0,0,0,,,,,,,,
zp18,mother,female,1,2,R,1,2,1,0,14,0,3,1,0,0,0,0,0,0,0,0,0,0,0,0,0,0,
zp18,mother,female,1,3,L,1,6,1,0,8,0,3,1,0,0,0,0,0,0,0,0,0,0,0,0,0,0,
zp18,mother,female,1,4,R,1,6,1,0,7,0,1,1,0,0,0,0,0,0,0,0,0,0,0,0,0,0,
zp18,mother,female,1,5,R,1,3,1,0,8,0,3,1,0,0,0,0,0,0,0,0,0,0,0,0,0,0,
zp18,mother,female,1,6,R,1,3,1,0,9,0,2,1,0,0,0,0,0,0,0,0,0,0,0,0,0,0,
zp18,mother,female,1,7,R,1,5,1,0,13,0,3,1,0,0,0,0,0,0,0,0,0,0,0,0,0,0,
zp18,mother,female,1,8,R,1,5,1,0,8,0,3,1,0,0,0,0,0,0,0,0,0,0,0,0,0,0,
zp18,mother,female,1,9,L,1,4,1,0,10,0,3,1,0,0,0,0,0,0,0,0,0,0,0,0,0,0,
zp18,mother,female,1,10,R,1,6,1,0,12,0,3,1,0,0,0,0,0,0,0,0,0,0,0,0,0,0,
zp18,mother,female,1,11,L,1,6,1,0,9,0,2,1,0,0,0,0,0,0,0,0,0,0,0,0,0,0,
zp18,mother,female,1,12,R,1,4,1,0,11,0,3,1,0,0,0,0,0,0,0,0,0,0,0,0,0,0,
zp18,mother,female,1,13,L,1,3,1,0,9,0,2,1,0,0,0,0,0,0,0,0,0,0,0,0,0,0,
zp18,mother,female,1,14,L,0,2,1,0,8,0,1,0,0,0,0,0,0,0,0,0,0,0,0,0,0,0,
zp18,mother,female,1,15,L,0,2,1,0,11,0,3,1,0,0,0,0,0,0,0,0,0,0,1,0,0,0,
zp18,mother,female,1,16,R,0,6,1,0,13,0,3,1,0,0,0,0,0,0,0,0,0,0,0,0,0,0,
zp18,mother,female,1,17,R,0,4,1,0,8,0,3,1,0,0,0,0,0,0,0,0,0,0,0,0,0,0,
zp18,mother,female,1,18,L,0,2,1,0,6,0,3,1,0,0,0,0,0,0,0,0,0,0,0,0,0,0,
zp18,mother,female,1,19,L,0,4,1,1,45,0,2,1,0,0,0,0,0,0,0,0,0,0,0,0,0,0,
zp18,mother,female,1,20,R,1,5,1,1,115,0,3,1,0,0,0,1,0,0,0,0,0,0,0,0,0,0,
zp18,mother,female,1,21,R,1,4,1,0,9,0,3,1,0,0,0,0,0,0,0,0,0,0,0,0,0,0,
zp18,mother,female,1,22,R,1,4,1,0,7,0,1,1,0,0,0,0,0,0,0,0,0,0,0,0,0,0,
zp18,mother,female,1,23,R,1,2,1,0,11,1,1,1,0,0,0,0,0,0,0,0,0,0,0,0,0,0,
zp18,mother,female,1,24,L,0,4,1,0,37,0,3,1,0,0,0,0,0,0,0,0,0,0,0,0,0,0,
zp18,mother,female,2,1,L,0,2,1,0,,0,3,1,0,0,0,0,0,0,0,,,,,,,,
zp18,mother,female,2,2,L,1,6,1,2,65,0,3,1,0,0,0,0,0,0,0,0,0,0,0,0,0,0,
zp18,mother,female,2,3,L,0,5,1,0,8,0,3,1,0,0,0,0,0,0,0,0,0,0,0,0,0,0,
zp18,mother,female,2,4,L,1,3,1,0,7,0,1,1,0,0,0,0,0,0,0,0,0,0,0,0,0,0,
zp18,mother,female,2,5,R,1,1,1,0,14,0,3,1,0,0,0,0,0,0,0,1,0,0,1,0,0,0,
zp18,mother,female,2,6,R,1,1,1,0,12,0,2,1,0,0,0,0,0,0,0,1,0,0,0,0,0,0,
zp18,mother,female,2,7,R,1,3,1,0,6,5,3,1,0,0,0,0,0,0,0,1,0,0,0,0,0,0,
zp18,mother,female,2,8,R,1,5,1,0,9,0,1,1,0,0,0,0,0,0,0,0,0,0,0,0,0,0,
zp18,mother,female,2,9,L,0,4,1,0,10,2,3,0,0,0,0,0,0,0,0,0,0,0,0,0,0,0,
zp18,mother,female,2,10,L,0,1,1,0,5,0,2,1,0,0,0,0,0,0,0,0,0,0,0,0,0,0,
zp18,mother,female,2,11,L,0,1,1,6,236,0,1,1,0,0,0,0,0,0,0,0,0,0,0,0,0,0,
zp18,mother,female,2,12,R,1,3,1,1,53,0,1,1,0,0,0,0,0,0,0,0,0,0,0,0,0,0,
zp18,mother,female,2,13,L,0,5,1,0,11,0,3,1,0,0,0,0,0,0,0,0,0,0,0,0,0,0,
zp18,mother,female,2,14,L,0,6,1,3,99,0,1,1,0,0,0,0,0,0,0,0,0,0,0,0,0,0,
zp18,mother,female,2,15,R,1,6,1,1,67,0,3,1,0,0,0,0,0,0,0,0,0,0,0,0,0,0,
zp18,mother,female,2,16,L,1,3,1,1,34,2,1,1,0,0,0,0,0,0,0,0,0,0,0,0,0,0,
zp18,mother,female,2,17,L,1,1,1,0,10,0,1,1,0,0,0,0,0,0,0,0,0,0,0,0,0,0,
zp18,mother,female,2,18,L,1,1,1,0,14,0,1,1,0,0,0,0,0,0,0,0,0,1,0,0,0,0,
zp18,mother,female,2,19,L,1,3,1,0,13,0,1,1,0,0,0,0,0,0,0,0,0,0,0,0,0,0,
zp18,mother,female,2,20,R,1,1,1,0,13,0,3,1,0,0,0,0,0,0,0,0,0,0,0,0,0,0,
zp18,mother,female,2,21,R,1,2,1,0,16,0,2,1,0,0,0,0,0,0,0,0,0,0,0,0,0,0,
zp18,mother,female,2,22,R,1,1,1,0,13,0,3,1,0,0,0,0,0,0,0,0,0,0,0,0,0,0,
zp18,mother,female,2,23,L,1,5,1,0,12,0,1,1,0,0,0,0,0,0,0,0,0,0,0,0,0,0,
zp18,mother,female,2,24,L,1,5,1,0,16,0,1,1,0,0,0,0,0,0,0,0,0,0,0,0,0,0,
zp19,nursery,female,1,1,R,1,2,1,0,,0,3,0,1,0,0,0,0,1,0,,,,,,,,
zp19,nursery,female,1,2,L,0,1,1,0,9,0,3,1,0,0,0,0,0,0,0,0,0,0,0,0,0,0,
zp19,nursery,female,1,3,L,0,5,1,0,6,0,3,1,1,0,0,0,0,1,0,1,0,0,1,0,0,0,
zp19,nursery,female,1,4,R,1,3,1,0,5,0,3,1,0,0,0,0,0,0,0,0,0,0,1,0,0,0,
zp19,nursery,female,1,5,L,0,1,1,0,15,0,3,1,0,0,0,0,0,0,0,1,0,0,0,0,0,0,
zp19,nursery,female,1,6,L,0,3,1,0,8,0,3,0,0,0,0,0,0,0,0,0,0,0,1,0,0,0,
zp19,nursery,female,1,7,L,0,5,1,0,9,0,3,1,0,0,0,0,0,0,0,1,0,0,1,0,0,0,
zp19,nursery,female,1,8,L,1,6,1,0,21,0,1,1,1,0,0,1,0,0,0,0,0,0,1,0,0,0,
zp19,nursery,female,1,9,R,1,2,1,0,9,1,1,0,1,0,0,0,0,0,0,0,0,0,1,0,0,0,
zp19,nursery,female,1,10,R,1,3,1,0,9,0,1,0,0,0,0,0,0,0,0,0,0,0,0,0,0,0,
zp19,nursery,female,1,11,L,0,4,1,0,9,0,3,1,1,0,0,0,0,0,0,0,0,0,0,0,0,0,
zp19,nursery,female,1,12,L,0,3,1,0,9,0,2,1,0,0,0,0,0,0,0,0,0,0,1,0,0,0,
zp19,nursery,female,1,13,L,0,4,1,0,8,0,3,1,0,0,0,0,0,0,0,0,0,0,0,0,1,0,
zp19,nursery,female,1,14,R,1,3,1,0,10,0,2,0,1,0,0,1,0,0,0,0,0,0,0,0,0,0,
zp19,nursery,female,1,15,R,1,4,1,0,8,0,3,1,0,0,0,0,0,0,0,1,0,0,0,0,0,0,
zp19,nursery,female,1,16,R,1,6,1,0,11,0,3,1,0,0,0,0,0,0,0,0,0,0,1,0,0,0,
zp19,nursery,female,1,17,L,0,4,1,0,29,1,3,1,1,0,0,1,0,0,0,0,0,0,0,0,0,0,
zp19,nursery,female,1,18,L,1,6,1,0,6,0,1,0,1,0,0,0,0,0,0,1,0,0,0,0,0,0,
zp19,nursery,female,1,19,R,1,5,1,0,13,1,3,1,1,0,0,0,0,0,0,0,0,0,1,0,0,0,
zp19,nursery,female,1,20,L,0,2,1,0,16,0,3,0,0,0,0,0,0,1,0,0,0,0,1,0,0,0,
zp19,nursery,female,1,21,R,1,2,1,0,6,0,1,0,0,0,0,0,0,0,0,1,0,0,1,0,0,0,
zp19,nursery,female,1,22,L,0,2,1,0,14,0,1,0,0,0,0,0,0,0,0,0,0,0,1,0,0,0,
zp19,nursery,female,1,23,L,0,6,1,0,23,1,3,1,1,0,0,1,0,0,0,0,0,0,0,0,0,0,
zp19,nursery,female,1,24,R,1,2,1,0,8,0,3,0,0,0,0,0,0,0,0,0,0,0,0,0,0,0,
zp19,nursery,female,2,1,R,1,4,1,0,,0,1,0,0,0,0,0,0,0,0,,,,,,,,
zp19,nursery,female,2,2,R,1,6,1,0,22,0,3,0,1,0,0,0,0,0,0,1,0,0,0,0,0,0,
zp19,nursery,female,2,3,R,1,5,1,0,8,0,3,1,0,0,0,0,0,0,0,1,0,0,0,0,0,0,
zp19,nursery,female,2,4,L,0,5,1,0,9,0,1,0,1,0,0,0,0,0,0,1,0,0,0,0,0,0,
zp19,nursery,female,2,5,R,1,1,1,0,9,0,3,0,0,0,0,1,0,0,0,0,0,0,0,0,0,0,
zp19,nursery,female,2,6,R,1,6,1,0,6,0,1,1,0,0,0,0,0,1,0,0,0,0,0,0,0,0,
zp19,nursery,female,2,7,L,0,2,1,0,10,0,3,1,0,0,0,0,0,0,0,0,0,0,0,0,0,0,
zp19,nursery,female,2,8,L,0,3,1,0,7,0,1,0,1,0,0,0,0,0,0,0,0,0,0,0,0,0,
zp19,nursery,female,2,9,L,1,1,1,1,33,0,2,1,0,0,0,0,0,0,0,0,0,0,0,0,0,0,
zp19,nursery,female,2,10,R,1,3,1,0,20,0,1,0,1,0,0,1,0,0,0,0,0,0,1,0,1,0,
zp19,nursery,female,2,11,R,1,4,1,0,14,0,3,0,0,0,0,1,0,0,0,0,0,0,0,0,0,0,
zp19,nursery,female,2,12,L,0,2,1,0,9,0,3,0,1,0,0,1,0,1,0,0,0,0,0,0,0,0,
zp19,nursery,female,2,13,R,1,6,1,0,43,1,3,1,0,0,0,0,0,0,0,0,0,0,1,0,0,0,
zp19,nursery,female,2,14,L,0,1,1,0,7,0,2,0,0,0,0,0,0,0,0,0,0,0,0,0,0,0,
zp19,nursery,female,2,15,R,1,4,1,1,48,0,3,0,0,0,0,1,0,1,0,1,0,0,0,0,0,0,
zp19,nursery,female,2,16,L,0,5,1,0,9,0,1,0,1,0,0,1,0,0,0,0,0,0,0,0,0,0,
zp19,nursery,female,2,17,R,1,1,1,0,15,0,2,1,0,0,0,1,0,1,0,0,0,0,0,0,0,0,
zp19,nursery,female,2,18,L,0,3,1,0,19,0,3,0,0,0,0,0,0,0,0,0,0,0,0,0,0,0,
zp19,nursery,female,2,19,R,1,5,1,0,18,0,1,1,1,0,0,1,0,0,0,0,0,0,1,0,0,0,
zp19,nursery,female,2,20,L,0,4,1,0,13,1,3,0,0,0,0,0,0,0,0,0,0,0,0,0,0,0,
zp19,nursery,female,2,21,R,1,1,1,0,6,0,1,1,0,0,0,0,0,0,0,0,0,0,0,0,0,0,
zp19,nursery,female,2,22,R,1,5,1,0,16,0,3,0,0,0,0,1,0,0,0,0,0,0,1,0,0,0,
zp19,nursery,female,2,23,R,1,1,1,0,9,0,3,1,0,0,0,0,0,0,0,0,0,0,0,0,0,0,
zp19,nursery,female,2,24,L,0,6,1,0,12,0,3,1,0,0,0,0,0,0,0,0,0,0,0,0,0,0,
zp20,mother,female,1,1,R,1,2,1,0,,0,2,1,0,0,0,0,0,0,0,,,,,,,,
zp20,mother,female,1,2,R,1,2,1,0,8,0,3,1,1,0,0,0,0,0,0,0,0,0,0,0,0,0,
zp20,mother,female,1,3,L,0,6,1,1,48,1,3,1,0,0,0,0,0,0,0,0,0,0,0,0,0,0,
zp20,mother,female,1,4,R,1,6,1,0,13,1,1,0,1,0,0,0,0,0,0,1,0,0,0,0,0,0,
zp20,mother,female,1,5,R,1,3,1,0,8,0,3,1,0,0,0,0,0,0,0,0,0,0,0,0,0,0,
zp20,mother,female,1,6,R,1,3,1,0,10,0,3,1,0,0,0,0,0,0,0,0,0,0,0,0,0,0,
zp20,mother,female,1,7,R,1,5,1,0,10,0,3,1,0,0,0,0,0,0,0,1,0,0,0,0,0,0,
zp20,mother,female,1,8,R,1,5,1,4,193,6,3,1,0,0,0,0,0,0,0,0,0,0,0,0,0,0,
zp20,mother,female,1,9,L,1,4,1,0,8,0,2,1,0,0,0,0,0,0,0,0,0,0,0,0,0,0,
zp20,mother,female,1,10,R,1,6,1,0,14,0,3,1,0,0,0,0,0,0,0,0,0,0,0,0,0,0,
zp20,mother,female,1,11,L,0,6,1,0,7,0,1,1,0,0,0,0,0,0,0,0,0,0,0,0,0,0,
zp20,mother,female,1,12,R,1,4,1,0,8,0,3,1,0,0,0,0,0,0,0,0,0,0,0,0,0,0,
zp20,mother,female,1,13,L,0,3,1,0,13,3,3,1,0,0,0,0,0,0,0,0,0,0,0,0,0,0,
zp20,mother,female,1,14,L,0,2,1,0,20,3,3,1,1,0,0,0,0,0,0,0,0,0,0,0,0,0,
zp20,mother,female,1,15,L,0,2,1,4,154,0,2,1,0,0,0,0,0,0,0,0,0,0,0,0,0,0,
zp20,mother,female,1,16,R,1,6,1,1,39,0,3,1,0,0,0,0,0,0,0,1,0,0,0,0,0,0,
zp20,mother,female,1,17,R,1,4,1,0,15,0,3,1,0,0,0,0,0,0,0,0,0,0,0,0,0,0,
zp20,mother,female,1,18,L,0,2,1,1,57,0,2,1,0,0,0,0,0,0,0,0,0,0,0,0,0,0,
zp20,mother,female,1,19,L,1,4,1,0,120,0,1,1,0,0,0,0,0,0,0,1,0,0,0,0,0,0,
zp20,mother,female,1,20,R,1,5,1,0,9,1,3,1,0,0,0,0,0,0,0,1,0,0,0,0,0,0,
zp20,mother,female,1,21,R,1,4,1,0,7,0,3,1,0,0,0,0,0,0,0,0,0,0,0,0,0,0,
zp20,mother,female,1,22,R,1,4,1,0,10,0,3,1,0,0,0,0,0,0,0,0,0,0,0,0,0,0,
zp20,mother,female,1,23,R,1,2,1,0,10,0,3,1,1,0,0,0,0,0,0,0,0,0,0,0,0,0,
zp20,mother,female,1,24,L,1,4,1,0,9,0,3,1,0,0,0,0,0,0,0,0,0,0,0,0,0,0,
zp20,mother,female,2,1,L,1,2,1,0,,0,2,1,0,0,0,0,0,0,0,,,,,,,,
zp20,mother,female,2,2,L,1,6,1,0,7,0,1,1,1,0,0,0,0,0,0,0,0,0,0,0,0,0,
zp20,mother,female,2,3,L,1,5,1,0,10,0,1,1,0,0,0,0,0,0,0,0,0,0,0,0,0,0,
zp20,mother,female,2,4,L,1,3,1,0,13,0,1,1,0,0,0,0,0,0,0,0,0,0,0,0,0,0,
zp20,mother,female,2,5,R,0,1,1,0,10,7,1,0,0,0,0,0,0,0,0,0,0,0,0,0,0,0,
zp20,mother,female,2,6,R,0,1,1,0,7,12,2,0,1,0,0,0,0,0,0,0,0,0,0,0,0,0,
zp20,mother,female,2,7,R,1,3,1,0,16,0,3,1,0,0,0,0,0,0,0,0,0,0,0,0,0,0,
zp20,mother,female,2,8,R,1,5,1,0,7,0,3,1,0,0,0,0,0,0,0,0,0,0,0,0,0,0,
zp20,mother,female,2,9,L,1,4,1,1,46,0,1,1,0,0,0,0,0,0,0,0,0,0,0,0,0,0,
zp20,mother,female,2,10,L,1,1,1,0,10,0,1,1,1,0,0,0,0,0,0,0,0,0,0,0,0,0,
zp20,mother,female,2,11,L,1,1,1,0,15,0,2,1,0,0,0,0,0,0,0,0,0,0,0,0,0,0,
zp20,mother,female,2,12,R,1,3,1,2,82,6,3,1,0,0,0,0,0,0,0,0,0,0,0,0,0,0,
zp20,mother,female,2,13,L,1,5,1,1,37,0,1,1,0,0,0,0,0,0,0,0,0,0,0,0,0,0,
zp20,mother,female,2,14,L,0,6,1,1,77,9,3,0,0,0,0,0,1,1,0,0,0,0,0,0,0,0,
zp20,mother,female,2,15,R,1,6,1,2,84,0,2,1,0,0,0,0,0,0,0,0,0,0,0,0,0,0,
zp20,mother,female,2,16,L,1,3,1,0,15,0,1,1,0,0,0,0,0,0,0,0,0,0,0,0,0,0,
zp20,mother,female,2,17,L,0,1,1,0,10,10,3,0,0,0,0,0,0,0,0,0,0,0,0,0,0,0,
zp20,mother,female,2,18,L,1,1,1,0,18,0,1,1,1,0,0,0,0,0,0,0,0,0,0,0,0,0,
zp20,mother,female,2,19,L,1,3,1,1,51,0,3,1,0,0,0,0,0,0,0,0,0,0,0,0,0,0,
zp20,mother,female,2,20,R,1,1,1,0,11,0,2,1,1,0,0,0,0,0,0,0,0,0,0,0,0,0,
zp20,mother,female,2,21,R,1,2,1,0,9,0,3,1,0,0,0,0,0,0,0,1,0,0,0,0,0,0,
zp20,mother,female,2,22,R,1,1,1,0,11,0,2,1,1,0,0,0,0,0,0,0,0,0,0,0,0,0,
zp20,mother,female,2,23,L,1,5,1,0,10,0,1,1,0,0,0,0,0,0,0,0,0,0,0,0,0,0,
zp20,mother,female,2,24,L,1,5,1,0,35,0,1,1,0,0,0,0,0,0,0,0,0,0,0,1,0,0,
zp14,mother,male,1,1,R,1,1,1,0,,0,2,1,0,0,0,0,0,0,0,,,,,,,,
zp14,mother,male,1,2,L,1,4,1,0,35,0,1,1,0,0,0,0,1,1,0,0,0,0,1,0,0,0,
zp14,mother,male,1,3,L,1,1,1,0,16,0,1,1,0,0,0,0,0,0,0,0,0,0,1,0,0,0,
zp14,mother,male,1,4,R,0,1,1,0,8,0,1,1,0,0,0,0,0,0,0,1,0,0,1,0,0,0,
zp14,mother,male,1,5,R,0,3,1,0,14,0,1,1,0,0,0,1,0,0,0,0,0,0,1,0,0,0,
zp14,mother,male,1,6,R,1,4,1,0,7,0,3,1,0,0,0,1,0,0,0,1,0,0,1,0,0,0,
zp14,mother,male,1,7,R,1,5,1,0,14,0,2,1,1,0,0,0,0,0,0,1,0,0,1,0,0,0,
zp14,mother,male,1,8,R,1,3,1,0,10,0,3,1,0,0,0,1,0,0,0,1,0,0,1,0,0,0,
zp14,mother,male,1,9,L,1,3,1,0,8,0,1,1,0,0,0,1,0,0,0,1,0,0,1,0,0,0,
zp14,mother,male,1,10,L,1,2,1,0,8,0,1,1,0,0,0,1,0,0,0,1,0,0,1,0,0,0,
zp14,mother,male,1,11,R,1,5,1,0,10,0,3,1,0,0,0,1,0,0,0,1,0,0,1,0,0,0,
zp14,mother,male,1,12,R,1,4,1,0,12,0,3,1,0,0,0,0,0,0,0,1,0,0,1,0,0,0,
zp14,mother,male,1,13,R,1,2,1,0,11,0,3,1,0,0,0,0,0,0,0,0,0,0,1,0,0,0,
zp14,mother,male,1,14,L,1,4,1,0,9,0,1,1,0,0,0,0,0,0,0,1,0,0,1,0,0,0,
zp14,mother,male,1,15,R,1,2,1,0,8,0,3,1,0,0,0,1,0,0,0,1,0,0,1,0,0,0,
zp14,mother,male,1,16,L,1,4,1,0,9,0,1,1,0,0,0,0,0,0,0,1,0,0,1,0,0,0,
zp14,mother,male,1,17,L,0,4,1,0,12,0,2,1,0,0,0,0,0,0,0,1,0,0,1,0,0,0,
zp14,mother,male,1,18,R,1,3,1,0,8,0,3,1,0,0,0,0,0,0,0,1,0,0,1,0,0,0,
zp14,mother,male,1,19,L,0,6,1,0,10,0,2,1,0,0,0,0,0,0,0,1,0,0,1,0,0,0,
zp14,mother,male,1,20,L,1,3,1,0,10,0,1,1,0,0,0,0,0,0,0,1,0,0,1,1,0,0,
zp14,mother,male,1,21,R,1,1,1,0,10,0,1,1,0,0,0,1,0,0,0,1,0,0,1,0,0,0,
zp14,mother,male,1,22,R,1,4,1,0,7,0,1,1,0,0,0,0,0,0,0,1,0,0,1,0,0,0,
zp14,mother,male,1,23,R,1,4,1,0,9,0,3,1,0,0,0,0,0,0,0,1,0,0,1,0,0,0,
zp14,mother,male,1,24,L,0,7,1,0,9,0,3,1,0,0,0,1,0,0,0,1,0,0,1,0,0,0,
zp14,mother,male,2,1,L,1,4,1,0,,0,1,1,0,0,0,0,0,0,0,,,,,,,,
zp14,mother,male,2,2,L,1,2,1,0,7,0,1,1,0,0,0,0,0,0,0,0,0,0,0,0,0,0,
zp14,mother,male,2,3,R,1,3,1,0,11,0,2,1,0,0,0,0,0,0,0,0,0,0,1,0,0,0,
zp14,mother,male,2,4,L,1,6,1,0,9,0,1,1,0,0,0,0,0,0,0,0,0,0,1,0,0,0,
zp14,mother,male,2,5,L,1,5,1,0,9,0,1,1,0,0,0,0,0,0,0,0,0,0,1,0,0,0,
zp14,mother,male,2,6,R,1,6,1,0,11,0,3,1,0,0,0,1,0,0,0,1,0,0,1,0,0,0,
zp14,mother,male,2,7,R,1,1,1,0,7,0,1,1,0,0,0,0,0,0,0,0,0,0,1,0,0,0,
zp14,mother,male,2,8,L,1,1,1,0,9,0,1,1,0,0,0,1,0,0,0,1,0,0,0,0,0,0,
zp14,mother,male,2,9,R,1,6,1,0,9,0,3,1,0,0,0,0,0,0,0,1,0,0,1,0,0,0,
zp14,mother,male,2,10,R,1,5,1,0,7,0,3,1,0,0,0,1,0,0,0,1,0,0,0,0,0,0,
zp14,mother,male,2,11,R,1,6,1,0,9,0,3,1,0,0,0,1,0,0,0,1,0,0,1,0,0,0,
zp14,mother,male,2,12,L,1,4,1,0,8,0,1,1,0,0,0,0,0,0,0,1,0,0,1,0,0,0,
zp14,mother,male,2,13,R,1,3,1,0,7,0,3,1,0,0,0,0,0,0,0,0,0,0,0,0,0,0,
zp14,mother,male,2,14,R,1,7,1,0,8,0,3,1,0,0,0,0,0,0,0,1,0,0,1,0,0,0,
zp14,mother,male,2,15,L,1,2,1,0,38,0,1,1,0,0,0,1,0,0,0,0,0,0,1,1,0,0,
zp14,mother,male,2,16,L,1,1,1,0,11,0,1,1,0,0,0,0,0,0,0,1,0,0,1,0,0,0,
zp14,mother,male,2,17,L,1,6,1,0,13,0,2,1,0,0,0,0,0,0,0,1,0,0,1,0,0,0,
zp14,mother,male,2,18,L,0,5,1,0,10,0,3,1,0,0,0,0,0,0,0,0,0,0,1,0,0,0,
zp14,mother,male,2,19,R,1,6,1,0,10,0,3,1,0,0,0,0,0,0,0,1,0,0,1,0,0,0,
zp14,mother,male,2,20,L,1,1,1,0,25,0,1,1,0,0,0,0,0,0,0,1,0,0,1,0,0,0,
zp14,mother,male,2,21,R,1,6,1,0,12,0,3,1,0,0,0,0,0,0,0,1,0,0,1,0,0,0,
zp14,mother,male,2,22,L,0,6,1,0,24,0,2,1,0,0,0,0,0,0,0,0,0,0,1,0,0,0,
zp14,mother,male,2,23,L,0,2,1,0,9,0,2,1,0,0,0,1,0,0,0,1,0,0,1,1,0,0,
zp14,mother,male,2,24,L,0,6,1,0,6,0,2,1,0,0,0,0,0,0,0,1,0,0,1,0,0,0,
zp15,nursery,male,1,1,L,1,5,1,0,,0,1,1,0,0,0,0,0,0,0,,,,,,,,
zp15,nursery,male,1,2,R,0,5,1,0,16,0,2,1,0,0,0,0,0,0,0,0,0,0,0,0,0,0,
zp15,nursery,male,1,3,R,1,5,1,0,7,0,1,1,0,0,0,0,0,0,0,0,0,0,0,0,0,0,
zp15,nursery,male,1,4,L,1,2,1,0,8,0,1,1,0,0,0,0,0,0,0,0,0,0,0,0,0,0,
zp15,nursery,male,1,5,R,1,2,1,0,11,0,3,1,0,0,0,0,0,0,0,0,0,0,0,0,0,0,
zp15,nursery,male,1,6,L,1,2,1,0,10,0,1,1,0,0,0,0,0,0,0,0,0,0,0,0,0,0,
zp15,nursery,male,1,7,L,1,2,1,0,11,0,1,1,0,0,0,0,0,0,0,0,0,0,0,0,0,0,
zp15,nursery,male,1,8,L,1,6,1,0,10,0,1,1,0,0,0,0,0,0,0,0,0,0,0,0,0,0,
zp15,nursery,male,1,9,R,0,2,1,0,9,0,1,1,0,0,0,0,0,0,0,0,0,0,0,0,0,0,
zp15,nursery,male,1,10,R,1,3,1,0,7,0,1,1,0,0,0,0,0,0,0,0,0,0,0,0,0,0,
zp15,nursery,male,1,11,L,1,4,1,0,8,0,1,1,0,0,0,0,0,0,0,0,0,0,0,0,0,0,
zp15,nursery,male,1,12,R,1,2,1,0,8,0,3,1,0,0,0,0,0,0,0,0,0,0,0,0,0,0,
zp15,nursery,male,1,13,L,1,3,1,0,11,0,1,1,0,0,0,0,0,0,0,0,0,0,0,0,0,0,
zp15,nursery,male,1,14,R,1,5,1,0,10,0,1,1,0,0,0,0,0,0,0,0,0,0,0,0,0,0,
zp15,nursery,male,1,15,R,1,7,1,0,6,0,2,1,0,0,0,0,0,0,0,0,0,0,0,0,0,0,
zp15,nursery,male,1,16,L,1,3,1,0,12,0,1,1,0,0,0,0,0,0,0,0,0,0,0,0,0,0,
zp15,nursery,male,1,17,L,1,1,1,0,14,0,1,1,0,0,0,0,0,0,0,0,0,1,0,0,0,0,
zp15,nursery,male,1,18,R,1,4,1,1,71,3,1,1,0,0,0,0,0,0,0,0,0,0,0,0,0,0,
zp15,nursery,male,1,19,L,1,6,1,0,13,0,2,1,0,0,0,0,0,0,0,0,0,0,0,0,0,0,
zp15,nursery,male,1,20,R,0,4,1,0,13,0,1,1,0,0,0,0,0,0,0,1,0,0,0,0,0,0,
zp15,nursery,male,1,21,L,1,4,1,0,14,0,1,1,0,0,0,0,0,0,0,0,0,0,0,0,0,0,
zp15,nursery,male,1,22,R,0,4,1,0,10,0,1,1,0,0,0,0,0,0,0,0,0,0,0,0,0,0,
zp15,nursery,male,1,23,L,1,6,1,0,8,0,2,1,0,0,0,0,0,0,0,0,0,0,0,0,0,0,
zp15,nursery,male,1,24,L,1,6,1,0,6,2,1,1,0,0,0,0,0,0,0,0,0,0,0,0,0,0,
zp15,nursery,male,2,1,R,1,6,1,0,,0,2,1,0,0,0,0,0,0,0,,,,,,,,
zp15,nursery,male,2,2,R,1,1,1,0,8,0,3,1,0,0,0,0,0,0,0,0,0,0,0,0,0,0,
zp15,nursery,male,2,3,R,1,7,1,0,9,0,2,1,0,0,0,0,0,0,0,0,0,0,0,0,0,0,
zp15,nursery,male,2,4,R,1,3,1,0,12,0,3,1,0,0,0,0,0,0,0,0,0,0,0,0,0,0,
zp15,nursery,male,2,5,R,1,2,1,0,12,0,3,1,0,0,0,0,0,0,0,0,0,0,0,0,0,0,
zp15,nursery,male,2,6,L,1,4,1,0,10,0,2,1,0,0,0,0,0,0,0,0,0,0,0,0,0,0,
zp15,nursery,male,2,7,R,1,5,1,0,9,0,3,1,0,0,0,0,0,0,0,0,0,0,0,0,0,0,
zp15,nursery,male,2,8,R,1,0,1,0,15,0,2,1,0,0,0,0,0,0,0,0,0,0,0,0,0,0,
zp15,nursery,male,2,9,R,1,5,1,0,11,0,3,1,0,0,0,0,0,0,0,0,0,0,0,0,0,0,
zp15,nursery,male,2,10,L,0,5,1,0,9,0,3,1,0,0,0,0,0,0,0,0,0,0,0,0,0,0,
zp15,nursery,male,2,11,L,1,5,1,0,7,0,1,1,0,0,0,0,0,0,0,0,0,0,0,0,0,0,
zp15,nursery,male,2,12,R,1,1,1,0,10,0,3,1,0,0,0,0,0,0,0,0,0,0,0,0,0,0,
zp15,nursery,male,2,13,L,1,2,1,0,13,0,1,1,0,0,0,0,0,0,0,0,0,0,0,0,0,0,
zp15,nursery,male,2,14,L,1,5,1,0,14,0,2,1,0,0,0,0,0,0,0,0,0,0,0,0,0,0,
zp15,nursery,male,2,15,L,1,5,1,0,13,0,2,1,0,0,0,0,0,0,0,0,0,0,0,0,0,0,
zp15,nursery,male,2,16,L,1,3,1,0,10,0,2,1,0,0,0,0,0,0,0,0,0,0,0,0,0,0,
zp15,nursery,male,2,17,R,1,6,1,0,11,0,3,1,0,0,0,0,0,0,0,0,0,0,0,0,0,0,
zp15,nursery,male,2,18,L,1,6,1,0,11,0,2,0,0,0,0,0,0,0,0,0,0,0,0,0,0,0,
zp15,nursery,male,2,19,R,1,7,1,0,10,0,3,1,0,0,0,0,0,0,0,0,0,0,0,0,0,0,
zp15,nursery,male,2,20,R,1,0,1,0,10,0,2,1,0,0,0,0,0,0,0,0,0,0,0,0,0,0,
zp15,nursery,male,2,21,L,1,3,1,0,10,0,2,1,0,0,0,0,0,0,0,0,0,0,0,0,0,0,
zp15,nursery,male,2,22,L,1,1,1,0,8,0,3,1,0,0,0,0,0,0,0,0,0,0,0,0,0,0,
zp15,nursery,male,2,23,R,1,3,1,0,21,0,3,1,0,0,0,0,0,0,0,0,0,0,0,0,0,0,
zp15,nursery,male,2,24,L,1,2,1,1,66,1,1,0,0,0,0,0,0,0,0,0,0,0,0,0,0,0,
zp16,nursery,male,1,1,R,1,4,1,0,,0,3,1,0,0,0,0,0,0,0,,,,,,,,
zp16,nursery,male,1,2,L,0,3,1,0,13,0,2,1,0,0,0,0,0,0,0,1,0,0,0,1,0,0,
zp16,nursery,male,1,3,R,1,3,1,0,5,0,3,1,0,0,0,0,0,0,0,0,0,0,0,0,0,0,
zp16,nursery,male,1,4,R,1,2,1,0,10,0,3,1,0,0,0,0,0,0,0,0,0,0,0,0,0,0,
zp16,nursery,male,1,5,R,1,4,1,0,13,0,3,1,0,0,0,0,0,0,0,0,1,0,0,0,0,0,
zp16,nursery,male,1,6,L,0,5,1,0,15,0,2,1,0,0,0,0,0,0,0,0,0,0,0,0,0,0,
zp16,nursery,male,1,7,R,1,0,1,0,11,0,2,1,1,0,0,0,0,0,0,1,0,0,0,0,0,0,
zp16,nursery,male,1,8,R,1,0,1,0,16,0,2,1,0,0,0,0,0,0,0,0,0,0,0,0,0,0,
zp16,nursery,male,1,9,L,0,6,1,0,10,0,2,1,0,0,0,0,0,0,0,1,0,0,0,0,0,0,
zp16,nursery,male,1,10,L,0,1,1,0,7,0,2,1,0,0,0,0,0,0,0,1,0,0,0,0,0,0,
zp16,nursery,male,1,11,R,1,3,1,0,10,0,2,1,0,0,0,0,0,0,0,0,0,0,0,0,0,0,
zp16,nursery,male,1,12,L,0,6,1,0,12,0,2,1,0,0,0,0,0,0,0,1,0,0,0,0,0,0,
zp16,nursery,male,1,13,R,1,8,1,0,5,0,3,1,0,0,0,0,0,0,0,0,0,0,0,0,0,0,
zp16,nursery,male,1,14,R,1,6,1,0,9,0,3,1,0,0,0,0,0,0,0,1,0,0,0,0,0,0,
zp16,nursery,male,1,15,R,1,2,1,0,11,0,2,1,0,0,0,0,0,0,0,1,0,0,0,0,0,0,
zp16,nursery,male,1,16,L,0,4,1,0,10,0,1,1,0,0,0,0,0,0,0,0,1,0,0,0,0,0,
zp16,nursery,male,1,17,R,1,5,1,0,13,0,3,1,0,0,0,0,0,0,0,0,0,0,0,0,0,0,
zp16,nursery,male,1,18,R,1,5,1,0,11,0,2,1,0,0,0,0,0,0,0,0,1,0,0,0,0,0,
zp16,nursery,male,1,19,L,0,3,1,0,13,0,2,1,0,0,0,0,0,0,0,0,1,0,0,0,0,0,
zp16,nursery,male,1,20,R,1,1,1,0,10,0,3,1,0,0,0,0,0,0,0,0,1,0,0,0,0,0,
zp16,nursery,male,1,21,R,1,3,1,0,18,1,3,1,0,0,0,0,0,0,0,0,0,0,0,0,0,0,
zp16,nursery,male,1,22,L,0,3,1,0,15,0,1,1,0,0,0,0,1,0,0,0,0,0,0,0,0,0,
zp16,nursery,male,1,23,L,0,0,1,0,9,0,1,1,0,0,0,0,0,0,0,0,0,0,0,0,0,0,
zp16,nursery,male,1,24,L,0,2,1,0,11,0,1,1,0,0,0,0,0,0,0,0,0,0,0,0,0,0,
zp16,nursery,male,2,1,L,0,5,1,0,,0,1,1,0,0,0,0,0,0,0,,,,,,,,
zp16,nursery,male,2,2,R,0,1,1,0,11,0,1,1,0,0,0,0,0,0,0,1,0,0,0,0,0,0,
zp16,nursery,male,2,3,R,1,3,1,0,17,0,1,1,0,0,0,0,0,0,0,0,1,0,0,0,0,0,
zp16,nursery,male,2,4,R,1,5,1,0,8,0,2,1,0,0,0,0,0,0,0,1,0,0,0,0,0,0,
zp16,nursery,male,2,5,L,0,1,1,0,9,0,1,1,0,0,0,0,0,0,0,1,0,0,0,0,0,0,
zp16,nursery,male,2,6,R,1,6,1,0,6,0,3,1,0,0,0,0,0,0,0,0,0,0,0,0,0,0,
zp16,nursery,male,2,7,R,1,6,1,0,13,0,2,1,0,0,0,0,0,0,0,1,0,0,0,0,0,0,
zp16,nursery,male,2,8,L,0,5,1,0,8,0,1,1,0,0,0,0,0,0,0,0,1,0,0,0,0,0,
zp16,nursery,male,2,9,L,0,7,1,0,5,0,1,1,0,0,0,0,0,0,0,0,0,0,0,0,0,0,
zp16,nursery,male,2,10,R,1,6,1,0,8,0,3,1,0,0,0,0,0,0,0,0,0,0,0,0,0,0,
zp16,nursery,male,2,11,L,0,4,1,0,9,0,1,1,0,0,0,0,0,0,0,1,0,0,0,0,0,0,
zp16,nursery,male,2,12,L,1,7,1,1,45,0,1,1,0,0,0,0,0,0,0,0,0,0,0,0,0,0,
zp16,nursery,male,2,13,R,1,3,1,0,15,0,2,1,0,0,0,0,0,0,0,0,0,1,0,0,0,0,
zp16,nursery,male,2,14,R,1,5,1,0,15,0,2,1,0,0,0,0,0,0,0,0,1,0,0,0,0,0,
zp16,nursery,male,2,15,L,0,4,1,0,10,0,1,1,0,0,0,0,0,0,0,0,0,0,0,0,0,0,
zp16,nursery,male,2,16,R,0,5,1,1,24,0,1,1,0,0,0,0,1,0,0,0,0,0,0,0,0,0,
zp16,nursery,male,2,17,L,1,2,1,0,8,0,1,1,0,0,0,0,0,0,0,0,0,0,0,1,0,0,
zp16,nursery,male,2,18,L,1,2,1,0,8,0,1,1,0,0,0,0,0,0,0,1,0,0,0,0,0,0,
zp16,nursery,male,2,19,L,0,2,1,0,10,0,2,1,0,0,0,0,1,1,0,1,0,0,0,0,0,0,
zp16,nursery,male,2,20,L,0,2,1,0,7,0,1,1,0,0,0,0,0,0,0,0,0,0,0,0,0,0,
zp16,nursery,male,2,21,R,1,2,1,0,15,0,2,1,0,0,0,0,0,0,0,0,0,1,0,1,0,0,
zp16,nursery,male,2,22,L,1,1,1,0,11,1,1,1,0,0,0,0,0,0,0,0,0,0,0,0,0,0,
zp16,nursery,male,2,23,L,1,4,1,0,10,0,1,1,0,0,0,0,0,0,0,0,1,0,0,0,0,0,
zp16,nursery,male,2,24,L,1,4,1,0,9,0,1,1,0,0,0,0,0,0,0,0,0,0,0,0,0,0,
zp21,mother,male,1,1,R,1,3,1,0,,0,3,1,0,0,0,0,0,0,0,0,0,0,0,0,0,0,
zp21,mother,male,1,2,L,1,1,1,0,13,0,1,1,0,0,0,0,0,0,0,0,0,0,0,0,0,0,
zp21,mother,male,1,3,R,1,6,1,0,11,0,3,1,0,0,0,0,0,0,0,0,0,0,0,0,0,0,
zp21,mother,male,1,4,R,1,3,1,0,10,4,1,0,0,0,0,0,0,0,0,0,0,0,0,0,0,0,
zp21,mother,male,1,5,R,1,6,1,0,10,0,3,1,0,0,0,0,0,0,0,0,0,0,0,0,0,0,
zp21,mother,male,1,6,L,0,5,1,0,11,0,2,1,0,0,0,0,0,0,0,0,0,0,0,0,0,0,
zp21,mother,male,1,7,L,1,3,1,0,5,0,1,1,0,0,0,0,0,0,0,0,0,0,0,0,0,0,
zp21,mother,male,1,8,L,1,5,1,0,12,0,1,1,0,0,0,0,0,0,0,0,0,0,0,0,0,0,
zp21,mother,male,1,9,R,1,3,1,0,9,0,2,1,0,0,0,0,0,0,0,0,0,0,0,0,0,0,
zp21,mother,male,1,10,R,1,2,1,0,11,0,2,1,0,0,0,0,0,0,0,0,0,0,0,0,0,0,
zp21,mother,male,1,11,L,1,2,1,0,11,0,2,1,0,0,0,0,0,0,0,0,0,0,0,0,0,0,
zp21,mother,male,1,12,L,1,2,1,0,10,0,2,1,0,0,0,0,0,0,0,0,0,0,0,0,0,0,
zp21,mother,male,1,13,L,1,4,1,0,12,0,1,1,0,0,0,0,0,0,0,0,0,0,0,0,0,0,
zp21,mother,male,1,14,R,1,2,1,0,10,0,2,1,0,0,0,0,0,0,0,0,0,0,0,0,0,0,
zp21,mother,male,1,15,L,1,6,1,0,9,0,1,1,0,0,0,0,0,0,0,0,0,0,0,0,0,0,
zp21,mother,male,1,16,L,1,3,1,0,10,0,1,1,0,0,0,0,0,0,0,0,0,0,0,0,0,0,
zp21,mother,male,1,17,R,1,1,1,0,9,0,2,1,0,0,0,0,0,1,0,0,0,0,0,0,0,0,
zp21,mother,male,1,18,R,1,4,1,0,9,0,2,1,0,0,0,0,0,0,0,0,0,0,0,0,0,0,
zp21,mother,male,1,19,L,1,4,1,0,9,0,1,1,0,0,0,0,0,0,0,0,0,0,0,0,0,0,
zp21,mother,male,1,20,R,1,3,1,0,11,0,2,1,0,0,0,0,0,0,0,0,0,0,0,0,0,0,
zp21,mother,male,1,21,R,1,4,1,0,11,0,3,1,0,0,0,0,0,0,0,0,0,0,0,0,0,0,
zp21,mother,male,1,22,L,1,5,1,0,9,0,1,1,0,0,0,0,0,0,0,0,0,0,0,0,0,0,
zp21,mother,male,1,23,L,1,6,1,0,13,0,1,1,0,0,0,0,0,0,0,0,0,0,0,0,0,0,
zp21,mother,male,1,24,R,1,6,1,0,12,0,3,1,0,0,0,0,0,0,0,0,0,0,0,0,0,0,
zp21,mother,male,2,1,R,1,1,1,0,,0,1,1,0,0,0,0,0,0,0,,,,,,,,
zp21,mother,male,2,2,L,1,2,1,0,10,0,1,1,0,0,0,0,0,0,0,0,0,0,0,0,0,0,
zp21,mother,male,2,3,R,1,4,1,0,10,0,3,1,0,0,0,0,0,0,0,1,0,0,0,0,0,0,
zp21,mother,male,2,4,R,1,5,1,0,12,0,2,1,0,0,0,0,0,0,0,1,0,0,0,0,0,0,
zp21,mother,male,2,5,R,1,5,1,0,12,0,1,1,0,0,0,0,0,0,0,0,0,0,0,0,0,0,
zp21,mother,male,2,6,L,1,3,1,0,10,0,1,1,0,0,0,0,0,0,0,0,0,0,0,0,0,0,
zp21,mother,male,2,7,R,1,3,1,0,9,0,1,1,0,0,0,0,0,0,0,0,0,0,0,0,0,0,
zp21,mother,male,2,8,R,1,2,1,0,12,0,1,1,0,0,0,0,0,0,0,0,0,0,0,0,0,0,
zp21,mother,male,2,9,L,1,5,1,0,12,0,1,1,0,0,0,0,0,0,0,0,0,0,0,0,0,0,
zp21,mother,male,2,10,L,1,5,1,0,8,0,1,1,0,0,0,0,0,0,0,0,0,0,0,0,0,0,
zp21,mother,male,2,11,R,1,1,1,0,10,0,1,1,0,0,0,0,0,0,0,0,0,0,0,0,0,0,
zp21,mother,male,2,12,R,1,5,1,0,15,0,1,1,0,0,0,0,0,0,0,0,0,0,0,0,0,0,
zp21,mother,male,2,13,L,1,3,1,0,9,0,1,1,0,0,0,0,0,0,0,0,0,0,0,0,0,0,
zp21,mother,male,2,14,R,1,6,1,0,12,12,1,0,0,0,0,0,0,0,0,1,0,0,0,0,0,0,
zp21,mother,male,2,15,L,1,1,1,0,8,0,1,1,0,0,0,0,0,0,0,0,0,0,0,0,0,0,
zp21,mother,male,2,16,L,1,3,1,0,12,0,1,1,0,0,0,0,0,0,0,0,0,0,0,0,0,0,
zp21,mother,male,2,17,L,1,2,1,0,9,0,1,1,0,0,0,0,0,0,0,0,0,0,0,0,0,0,
zp21,mother,male,2,18,L,1,6,1,0,9,0,1,1,0,0,0,0,0,0,0,1,0,0,0,0,0,0,
zp21,mother,male,2,19,R,1,3,1,0,23,7,3,0,0,0,0,0,0,0,0,0,0,0,0,0,0,0,
zp21,mother,male,2,20,R,1,2,1,0,17,0,1,1,0,0,0,0,0,0,0,0,0,0,0,0,0,0,
zp21,mother,male,2,21,L,1,1,1,1,35,0,1,1,0,0,0,0,0,0,0,0,0,0,0,0,0,0,
zp21,mother,male,2,22,R,1,1,1,0,11,0,3,1,0,0,0,0,0,0,0,1,0,0,0,0,0,0,
zp21,mother,male,2,23,L,1,1,1,0,9,0,1,1,0,0,0,0,0,0,0,1,0,0,0,0,0,0,
zp21,mother,male,2,24,L,1,2,1,0,13,0,1,1,0,0,0,0,0,0,0,0,0,0,0,0,0,0,
zp22,mother,male,1,1,R,1,1,1,0,,0,3,1,0,0,0,0,0,0,0,,,,,,,,
zp22,mother,male,1,2,L,1,5,1,0,14,0,3,1,0,0,0,0,0,0,0,0,0,0,0,0,0,0,
zp22,mother,male,1,3,R,1,6,1,0,11,0,3,1,0,0,0,0,0,0,0,0,0,0,0,0,0,0,
zp22,mother,male,1,4,L,1,4,1,0,12,0,3,1,0,0,0,0,0,0,0,0,0,0,0,0,0,1,
zp22,mother,male,1,5,L,1,4,1,0,10,0,3,1,0,0,0,0,0,0,1,0,0,0,0,0,0,0,
zp22,mother,male,1,6,L,1,1,1,0,11,0,3,1,0,0,0,0,0,0,0,0,0,0,0,0,0,0,
zp22,mother,male,1,7,R,1,6,1,0,9,0,3,1,0,0,0,0,0,0,0,0,0,0,0,0,0,0,
zp22,mother,male,1,8,R,1,1,1,0,10,0,3,1,0,0,0,0,0,0,0,0,0,0,0,0,0,0,
zp22,mother,male,1,9,R,1,5,1,0,12,0,3,1,0,0,0,0,0,0,0,0,0,0,0,0,0,0,
zp22,mother,male,1,10,L,1,6,1,0,9,0,3,1,0,0,0,0,0,0,0,0,0,0,0,0,0,0,
zp22,mother,male,1,11,L,1,2,1,0,8,0,3,1,0,0,0,0,0,0,0,0,0,0,0,0,0,0,
zp22,mother,male,1,12,R,1,5,1,0,8,0,3,1,0,0,0,0,0,0,0,0,0,0,0,0,0,0,
zp22,mother,male,1,13,R,1,2,1,0,11,0,3,1,0,0,0,0,0,0,0,0,0,0,0,0,0,0,
zp22,mother,male,1,14,L,1,6,1,0,13,0,3,1,0,0,0,0,0,0,0,1,0,0,0,0,0,0,
zp22,mother,male,1,15,R,1,3,1,0,8,0,3,1,0,0,0,0,0,0,0,1,0,0,0,0,0,0,
zp22,mother,male,1,16,R,1,2,1,0,9,0,3,1,0,0,0,0,0,0,0,0,0,0,0,0,0,0,
zp22,mother,male,1,17,R,1,3,1,0,9,0,3,1,0,0,0,0,0,0,1,0,0,0,0,0,0,0,
zp22,mother,male,1,18,L,1,4,1,0,12,0,3,1,0,0,0,0,0,0,1,0,0,0,0,0,0,0,
zp22,mother,male,1,19,L,1,1,1,0,15,0,3,1,0,0,0,0,0,0,0,0,0,0,0,0,0,0,
zp22,mother,male,1,20,L,1,5,1,0,9,0,2,1,0,0,0,0,0,0,0,0,0,0,0,0,0,0,
zp22,mother,male,1,21,R,1,3,1,0,13,0,3,1,0,0,0,0,0,0,0,0,0,0,0,0,0,0,
zp22,mother,male,1,22,L,1,5,1,0,9,0,3,1,0,0,0,0,0,0,1,1,0,0,0,0,0,0,
zp22,mother,male,1,23,R,1,4,1,0,22,0,3,1,0,0,0,0,0,0,0,0,0,0,0,0,0,0,
zp22,mother,male,1,24,R,1,1,1,0,10,0,3,1,0,0,0,0,0,0,0,0,0,0,0,0,0,0,
zp22,mother,male,2,1,R,1,3,1,0,,0,2,1,0,0,0,0,0,0,0,,,,,,,,
zp22,mother,male,2,2,L,1,3,1,0,10,0,1,1,0,0,0,0,0,0,0,0,0,0,0,0,0,0,
zp22,mother,male,2,3,R,1,5,1,0,9,0,2,1,0,0,0,0,0,0,0,0,0,0,0,0,0,0,
zp22,mother,male,2,4,L,1,3,1,0,10,0,2,1,0,0,0,0,0,0,0,0,0,0,0,0,0,0,
zp22,mother,male,2,5,L,1,6,1,0,14,0,2,1,0,0,0,0,0,0,0,1,0,0,0,0,0,0,
zp22,mother,male,2,6,R,1,5,1,0,8,0,3,1,0,0,0,0,0,0,0,0,0,0,0,0,0,0,
zp22,mother,male,2,7,L,1,2,1,0,10,0,2,1,0,0,0,0,0,0,0,0,0,0,0,0,0,0,
zp22,mother,male,2,8,R,1,5,1,0,9,0,1,1,0,0,0,0,0,0,0,0,0,0,0,0,0,0,
zp22,mother,male,2,9,L,1,2,1,0,10,0,2,1,0,0,0,0,0,0,0,0,0,0,0,0,0,0,
zp22,mother,male,2,10,L,1,1,1,0,19,0,2,1,0,0,0,0,0,0,0,0,0,0,0,0,0,0,
zp22,mother,male,2,11,R,1,1,1,0,9,0,2,1,0,0,0,0,0,0,1,0,0,0,0,0,0,0,
zp22,mother,male,2,12,L,1,1,1,0,12,1,2,1,0,0,0,0,0,0,1,0,0,0,0,0,0,0,
zp22,mother,male,2,13,L,1,4,1,0,12,0,2,1,0,0,0,0,0,0,0,1,0,0,0,0,0,1,
zp22,mother,male,2,14,R,1,3,1,0,8,0,2,1,0,0,0,0,0,0,0,0,0,0,0,0,0,0,
zp22,mother,male,2,15,L,0,6,1,0,13,0,2,1,0,0,0,0,0,0,0,0,0,0,0,0,0,0,
zp22,mother,male,2,16,R,1,4,1,0,8,0,2,1,0,0,0,0,0,0,0,0,0,0,0,0,0,0,
zp22,mother,male,2,17,R,1,6,1,0,9,0,2,1,0,0,0,0,0,0,0,0,0,0,0,0,0,0,
zp22,mother,male,2,18,R,1,1,1,0,10,0,2,1,0,0,0,0,0,0,0,0,0,0,0,0,0,1,
zp22,mother,male,2,19,L,1,5,1,0,13,0,2,1,0,0,0,0,0,0,0,0,0,0,0,0,0,0,
zp22,mother,male,2,20,L,1,3,1,0,14,0,2,1,0,0,0,0,0,0,0,1,0,0,0,0,0,1,
zp22,mother,male,2,21,L,1,3,1,0,9,0,2,1,0,0,0,0,0,0,0,0,0,0,0,0,0,0,
zp22,mother,male,2,22,R,1,4,1,0,9,0,2,1,0,0,0,0,0,0,0,1,0,0,0,0,0,0,
zp22,mother,male,2,23,L,1,2,1,0,11,0,2,1,0,0,0,0,0,0,0,0,0,0,0,0,0,0,
zp22,mother,male,2,24,R,1,6,1,0,20,0,2,1,0,0,0,0,0,0,0,0,0,0,0,0,0,0,
